Vendor Credit ID,Vendor Credit Date,Vendor Credit Number,Vendor Credit Status,Sub Total (BCY),Total (BCY),Created Time,Balance (BCY),Currency Code,Exchange Rate,Last Modified Time
4198696000001258291,17 Nov 2023,4191,Closed,"CRC 12,859.34","CRC 14,531.05",2023-11-17 11:06:07,CRC 0.00,CRC,1.00,2023-11-17 11:06:07
4198696000001791001,08 Dec 2023,00100001030000022128,Closed,"CRC 47,952.00","CRC 54,185.76",2023-12-12 13:49:24,CRC 0.00,CRC,1.00,2023-12-12 14:00:18
4198696000001791207,12 Dec 2023,CN-00028,Closed,"CRC 25,000.00","CRC 28,250.00",2023-12-12 16:40:47,CRC 0.00,CRC,1.00,2023-12-13 17:46:16
4198696000001969292,19 Dec 2023,00100001030000016860,Closed,"CRC 68,000.00","CRC 76,840.00",2023-12-19 10:22:31,CRC 0.00,CRC,1.00,2024-01-08 14:18:59
4198696000002722282,24 Jan 2024,011130000008631,Closed,"CRC 366,222.52","CRC 413,831.44",2024-01-24 13:11:24,CRC 0.00,CRC,1.00,2024-02-05 16:47:37
4198696000002963266,01 Feb 2024,00100001030000000173,Closed,"CRC 226,000.00","CRC 255,380.00",2024-02-05 11:53:52,CRC 0.00,CRC,1.00,2024-02-05 11:54:56
4198696000003065265,09 Feb 2024,0094904,Closed,"CRC 61,000.00","CRC 68,930.00",2024-02-09 11:07:59,CRC 0.00,CRC,1.00,2024-04-16 20:03:23
4198696000003065636,09 Feb 2024,51968,Closed,"CRC 9,919.62","CRC 11,209.17",2024-02-09 15:41:49,CRC 0.00,CRC,1.00,2024-03-06 16:00:39
4198696000003396406,23 Feb 2024,51997,Closed,"CRC 3,033.72","CRC 3,428.10",2024-02-23 11:10:04,CRC 0.00,CRC,1.00,2024-03-06 15:52:48
4198696000003396433,23 Feb 2024,00506668,Closed,"CRC 22,074.36","CRC 24,944.03",2024-02-23 11:12:55,CRC 0.00,CRC,1.00,2024-06-03 13:08:41
4198696000003937364,13 Mar 2024,00001757,Closed,"CRC 4,462.71","CRC 5,042.86",2024-03-13 15:12:33,CRC 0.00,CRC,1.00,2024-04-04 16:22:58
4198696000004045422,19 Mar 2024,00100001010000047227,Closed,"CRC 17,000.00","CRC 19,210.00",2024-03-19 12:41:12,CRC 0.00,CRC,1.00,2024-04-08 09:54:30
4198696000004059175,19 Mar 2024,00100001010000047190,Closed,"CRC 68,000.00","CRC 76,840.00",2024-03-19 14:12:28,CRC 0.00,CRC,1.00,2024-04-08 10:11:26
4198696000004093003,19 Mar 2024,00100042030000004152,Closed,"CRC 9,409.50","CRC 10,632.74",2024-03-19 16:08:15,CRC 0.00,CRC,1.00,2024-03-22 16:12:58
4198696000004105702,21 Mar 2024,00100001030000004748,Closed,"CRC 13,800.00","CRC 15,594.00",2024-03-21 10:08:24,CRC 0.00,CRC,1.00,2024-04-03 14:35:29
4198696000004126715,22 Mar 2024,00100001030000024498,Closed,"CRC 27,995.00","CRC 31,634.35",2024-03-22 12:58:07,CRC 0.00,CRC,1.00,2024-06-03 14:58:56
4198696000004190788,25 Mar 2024,633545,Closed,"CRC 13,827.16","CRC 15,624.69",2024-03-25 14:49:04,CRC 0.00,CRC,1.00,2024-04-03 12:40:34
4198696000004224594,26 Mar 2024,00100001030000023664,Closed,"CRC 22,571.17","CRC 25,505.42",2024-03-26 17:49:07,CRC 0.00,CRC,1.00,2024-04-03 12:41:06
4198696000004440106,03 Apr 2024,00001854,Closed,"CRC 10,399.75","CRC 11,751.72",2024-04-03 11:54:35,CRC 0.00,CRC,1.00,2024-04-08 11:03:13
4198696000004440451,03 Apr 2024,00100001030000012789,Closed,"CRC 3,300.00","CRC 3,729.00",2024-04-03 14:02:04,CRC 0.00,CRC,1.00,2024-04-16 20:03:23
4198696000004483393,04 Apr 2024,00100001010000043383,Closed,"CRC 68,000.00","CRC 76,840.00",2024-04-04 15:35:04,CRC 0.00,CRC,1.00,2024-04-04 15:35:40
4198696000004777691,16 Apr 2024,00100001030000023877,Closed,"CRC 29,610.00","CRC 33,459.30",2024-04-16 13:07:08,CRC 0.00,CRC,1.00,2024-05-09 17:37:03
4198696000004850091,17 Apr 2024,00100001030000003396,Closed,"CRC 47,000.00","CRC 53,110.00",2024-04-17 16:38:50,CRC 0.00,CRC,1.00,2024-04-29 15:11:27
4198696000004863014,18 Apr 2024,00100001030000023908,Closed,"CRC 13,449.34","CRC 15,197.75",2024-04-18 17:24:44,CRC 0.00,CRC,1.00,2024-05-09 17:35:26
4198696000004950300,23 Apr 2024,00100001030000004551,Closed,"CRC 32,205.00","CRC 36,391.65",2024-04-23 14:33:16,CRC 0.00,CRC,1.00,2024-09-05 12:04:27
4198696000005192007,02 May 2024,0095120,Closed,"CRC 8,900.00","CRC 10,057.00",2024-05-02 10:12:07,CRC 0.00,CRC,1.00,2024-06-02 13:54:55
4198696000005433369,10 May 2024,00100002030000005094,Closed,"CRC 51,750.00","CRC 58,477.50",2024-05-10 10:27:59,CRC 0.00,CRC,1.00,2024-06-02 13:33:19
4198696000005814003,24 May 2024,00100001030000024490,Closed,"CRC 13,714.54","CRC 15,497.43",2024-05-24 09:03:47,CRC 0.00,CRC,1.00,2024-06-04 15:10:20
4198696000005924144,28 May 2024,00100001030000000278,Closed,"CRC 47,345.13","CRC 53,500.00",2024-05-28 11:21:29,CRC 0.00,CRC,1.00,2024-06-02 13:50:27
4198696000005968001,29 May 2024,00100001030000013291,Closed,"CRC 29,500.00","CRC 33,335.00",2024-05-29 09:26:35,CRC 0.00,CRC,1.00,2024-06-02 13:52:02
4198696000005968018,29 May 2024,00000000,Closed,"CRC 37,716.91","CRC 42,620.11",2024-05-29 10:08:59,CRC 0.00,CRC,1.00,2024-06-02 15:23:33
4198696000005968117,29 May 2024,1159,Closed,"CRC 21,600.00","CRC 24,408.00",2024-05-29 10:50:03,CRC 0.00,CRC,1.00,2024-06-03 13:22:39
4198696000006012003,30 May 2024,00002185,Closed,"CRC 7,427.64","CRC 8,393.23",2024-05-30 10:31:40,CRC 0.00,CRC,1.00,2024-06-06 11:04:11
4198696000006085240,31 May 2024,00100002030000005215,Closed,"CRC 41,040.00","CRC 46,375.20",2024-05-31 13:56:09,CRC 0.00,CRC,1.00,2024-06-02 13:35:37
4198696000006201030,13 May 2024,4828,Closed,"CRC 20,501.34","CRC 23,166.52",2024-06-05 09:09:38,CRC 0.00,CRC,1.00,2024-06-05 11:12:21
4198696000006201177,31 May 2024,00100001030000025497,Closed,"CRC 15,206.00","CRC 17,182.78",2024-06-05 10:22:52,CRC 0.00,CRC,1.00,2024-07-05 18:38:07
4198696000006201879,05 Jun 2024,00100001030000017413,Closed,"CRC 25,000.00","CRC 28,250.00",2024-06-05 11:38:32,CRC 0.00,CRC,1.00,2024-06-18 13:31:36
4198696000006494042,13 Jun 2024,00100001030000000769,Closed,"CRC 30,849.60","CRC 34,860.05",2024-06-13 14:26:08,CRC 0.00,CRC,1.00,2025-03-14 15:41:26
4198696000006532807,14 Jun 2024,00100001030000013467,Closed,"CRC 55,000.00","CRC 62,150.00",2024-06-14 14:31:12,CRC 0.00,CRC,1.00,2024-07-05 18:34:26
4198696000007154012,08 Jul 2024,00100001030000025008,Closed,"CRC 14,113.91","CRC 15,948.72",2024-07-08 16:16:47,CRC 0.00,CRC,1.00,2024-07-11 17:41:21
4198696000007279157,11 Jul 2024,00100001030000025097,Closed,"CRC 37,804.41","CRC 42,718.98",2024-07-11 09:57:47,CRC 0.00,CRC,1.00,2024-07-11 17:40:55
4198696000007537412,17 Jul 2024,00002545 / 00100019010000027966,Closed,"CRC 3,892.10","CRC 4,398.07",2024-07-17 16:13:16,CRC 0.00,CRC,1.00,2024-08-09 15:10:31
4198696000007813618,24 Jul 2024,16877 / 52574,Closed,"CRC 20,000.00","CRC 22,600.00",2024-07-24 14:13:25,CRC 0.00,CRC,1.00,2024-08-09 15:32:47
4198696000007923382,26 Jul 2024,00100001030000026210,Closed,"CRC 8,380.80","CRC 9,470.30",2024-07-30 10:50:40,CRC 0.00,CRC,1.00,2024-09-11 20:33:54
4198696000007991224,01 Aug 2024,000126425 / 001000010100001081421,Closed,"CRC 13,221.05","CRC 14,939.79",2024-08-01 09:53:32,CRC 0.00,CRC,1.00,2024-08-09 15:05:52
4198696000007991239,01 Aug 2024,00100001030000017648,Closed,"CRC 68,000.00","CRC 76,840.00",2024-08-01 10:06:24,CRC 0.00,CRC,1.00,2024-09-02 19:49:02
4198696000008250220,26 Jul 2024,T718349745,Closed,"CRC 138,742.07","CRC 138,742.07",2024-08-08 14:11:16,CRC 0.00,USD,528.54,2024-08-08 14:12:09
4198696000008250285,22 Jul 2024,Twilio Refund - No Credit Note,Closed,"CRC 51,844.20","CRC 51,844.20",2024-08-08 14:13:24,CRC 0.00,USD,529.94,2024-08-08 14:13:39
4198696000008352087,12 Aug 2024,FE 00100001010000050371/50378/ NC16927,Closed,"CRC 25,000.00","CRC 28,250.00",2024-08-12 09:25:01,CRC 0.00,CRC,1.00,2024-09-02 19:44:54
4198696000008585903,19 Aug 2024,KG-MD199175,Closed,"CRC 4,215.75","CRC 4,763.80",2024-08-19 10:48:40,CRC 0.00,CRC,1.00,2024-09-24 07:42:32
4198696000008814071,26 Aug 2024,00100001030000018287,Closed,"CRC 42,175.30","CRC 47,658.09",2024-08-26 11:30:22,CRC 0.00,CRC,1.00,2024-09-02 20:06:42
4198696000008913026,28 Aug 2024,00002773,Closed,"CRC 2,380.00","CRC 2,689.40",2024-08-28 12:15:42,CRC 0.00,CRC,1.00,2024-09-06 13:42:16
4198696000009029675,02 Sep 2024,52113-52114,Closed,"CRC 76,140.00","CRC 86,038.20",2024-09-03 10:31:11,CRC 0.00,CRC,1.00,2024-10-09 16:07:13
4198696000009029713,03 Sep 2024,52115,Closed,"CRC 9,450.00","CRC 10,678.50",2024-09-03 10:32:18,CRC 0.00,CRC,1.00,2024-10-09 16:01:34
4198696000009029744,03 Sep 2024,52116,Closed,"CRC 9,990.00","CRC 11,288.70",2024-09-03 10:33:29,CRC 0.00,CRC,1.00,2024-10-09 16:02:15
4198696000009719137,13 Sep 2024,00200001030000004052,Closed,"CRC 30,098.23","CRC 34,011.00",2024-09-13 13:18:41,CRC 0.00,CRC,1.00,2024-10-11 21:37:01
4198696000009852249,18 Sep 2024,00100001010000406125,Closed,"CRC 13,897.50","CRC 15,704.18",2024-09-18 12:06:35,CRC 0.00,CRC,1.00,2024-10-02 12:45:10
4198696000009867208,18 Sep 2024,00002907,Closed,"CRC 32,081.12","CRC 36,251.67",2024-09-18 17:33:42,CRC 0.00,CRC,1.00,2024-09-24 07:44:05
4198696000010031282,26 Sep 2024,00100001030000003540,Closed,"CRC 17,704.00","CRC 20,005.52",2024-09-26 10:30:46,CRC 0.00,CRC,1.00,2024-11-26 14:23:51
4198696000010046313,26 Sep 2024,00100001030000026218,Closed,"CRC 25,736.94","CRC 29,082.74",2024-09-26 12:29:35,CRC 0.00,CRC,1.00,2024-11-08 12:52:12
4198696000010084246,27 Sep 2024,00100001030000003542,Closed,"CRC 17,704.00","CRC 20,005.52",2024-09-27 12:02:38,CRC 0.00,CRC,1.00,2024-11-26 14:27:35
4198696000010117084,27 Sep 2024,00100001030000017866,Closed,"CRC 20,000.00","CRC 22,600.00",2024-09-27 16:15:46,CRC 0.00,CRC,1.00,2024-10-14 18:43:27
4198696000010390109,04 Oct 2024,00100001030000014717,Closed,"CRC 7,040.00","CRC 7,955.20",2024-10-04 10:32:21,CRC 0.00,CRC,1.00,2025-01-22 16:11:07
4198696000010799183,15 Oct 2024,00100001030000014796,Closed,"CRC 24,000.00","CRC 27,120.00",2024-10-15 10:01:34,CRC 0.00,CRC,1.00,2024-11-06 17:03:41
4198696000010799282,11 Oct 2024,00100001030000027264,Closed,"CRC 24,995.10","CRC 28,244.46",2024-10-15 10:18:17,CRC 0.00,CRC,1.00,2024-10-30 09:16:56
4198696000010799765,15 Oct 2024,00100011030000011176,Closed,"CRC 9,338.86","CRC 10,552.91",2024-10-15 17:59:52,CRC 0.00,CRC,1.00,2024-11-06 13:26:48
4198696000010840140,16 Oct 2024,00100002010000072364 / 00100002030000012384,Closed,"CRC 17,128.88","CRC 19,355.63",2024-10-16 10:00:44,CRC 0.00,CRC,1.00,2024-10-17 13:06:19
4198696000010840155,16 Oct 2024,00100001030000003625,Closed,"CRC 39,992.00","CRC 45,190.96",2024-10-16 10:23:15,CRC 0.00,CRC,1.00,2024-11-26 14:51:48
4198696000010840864,16 Oct 2024,5470 / 00100002010000053724 / 00100002030000012392,Closed,"CRC 1,045,403.79","CRC 1,181,306.29",2024-10-16 13:59:15,CRC 0.00,CRC,1.00,2024-11-04 14:42:57
4198696000010840910,16 Oct 2024,5471 / 00100002010000053724 / 00100002030000012392,Closed,"CRC 344,317.20","CRC 389,078.43",2024-10-16 14:14:51,CRC 0.00,CRC,1.00,2024-11-04 14:43:37
4198696000010892041,17 Oct 2024,00100002030000012388,Closed,"CRC 82,093.33","CRC 92,765.46",2024-10-17 10:00:26,CRC 0.00,CRC,1.00,2024-10-17 13:05:49
4198696000011326801,25 Oct 2024,00100001030000003602 / 5385,Closed,"CRC 26,910.00","CRC 30,408.30",2024-10-25 16:23:47,CRC 0.00,CRC,1.00,2024-11-05 12:39:58
4198696000011516104,24 Oct 2024,00200001030000004253,Closed,"CRC 52,328.23","CRC 59,130.90",2024-10-30 10:08:40,CRC 0.00,CRC,1.00,2025-03-31 13:05:18
4198696000011622690,31 Oct 2024,00100001030000003669 / 00100001010000049313,Closed,"CRC 43,992.00","CRC 49,710.96",2024-10-31 17:27:09,CRC 0.00,CRC,1.00,2024-11-26 14:46:22
4198696000011932270,09 Oct 2024,00100001030000017955,Closed,"CRC 20,000.00","CRC 22,600.00",2024-11-08 13:53:03,CRC 0.00,CRC,1.00,2024-12-13 11:50:17
4198696000012442248,18 Nov 2024,00100002030000006101,Closed,"CRC 26,190.00","CRC 29,594.70",2024-11-19 11:04:13,CRC 0.00,CRC,1.00,2024-12-11 12:56:15
4198696000012521859,05 Nov 2024,00100001030000003005,Closed,"CRC 66,633.29","CRC 75,295.62",2024-11-20 15:34:44,CRC 0.00,CRC,1.00,2024-12-05 13:47:55
4198696000012723602,22 Nov 2024,00100001030000017347,Closed,"CRC 51,000.00","CRC 57,630.00",2024-11-22 15:56:48,CRC 0.00,CRC,1.00,2024-12-13 11:48:47
4198696000012887234,26 Nov 2024,5394,Closed,"CRC 35,990.00","CRC 40,668.70",2024-11-26 10:51:16,CRC 0.00,CRC,1.00,2024-12-11 08:17:58
4198696000012935468,26 Nov 2024,00100001030000027699 / 00100001010000419045,Closed,CRC 671.50,CRC 758.80,2024-11-26 15:20:09,CRC 0.00,CRC,1.00,2024-11-26 15:22:38
4198696000012935503,26 Nov 2024,00100001030000027748 / 00100001010000419045,Closed,"CRC 6,783.00","CRC 7,664.79",2024-11-26 15:20:12,CRC 0.00,CRC,1.00,2024-11-26 15:22:18
4198696000012935538,26 Nov 2024,00100001030000027701,Closed,"CRC 4,246.20","CRC 4,798.21",2024-11-26 15:23:05,CRC 0.00,CRC,1.00,2024-11-26 15:35:21
4198696000012935573,26 Nov 2024,00100001030000027840,Closed,"CRC 4,246.20","CRC 4,798.21",2024-11-26 15:25:26,CRC 0.00,CRC,1.00,2024-11-26 15:35:32
4198696000012935608,26 Nov 2024,00100001030000027700,Closed,"CRC 2,493.90","CRC 2,818.11",2024-11-26 15:27:17,CRC 0.00,CRC,1.00,2024-11-26 15:35:03
4198696000013287092,02 Dec 2024,00100001030000026937,Closed,"CRC 12,762.83","CRC 14,422.00",2024-12-02 15:56:12,CRC 0.00,CRC,1.00,2024-12-11 08:45:50
4198696000013287155,02 Dec 2024,00100001030000027090,Closed,"CRC 3,306.50","CRC 3,736.35",2024-12-02 16:00:48,CRC 0.00,CRC,1.00,2024-12-11 08:44:35
4198696000013287190,02 Dec 2024,00100001030000027091,Closed,"CRC 2,980.11","CRC 3,367.52",2024-12-02 16:02:50,CRC 0.00,CRC,1.00,2024-12-11 08:47:06
4198696000013352099,03 Dec 2024,00100001010000375401,Closed,"CRC 23,650.16","CRC 26,724.68",2024-12-03 16:54:01,CRC 0.00,CRC,1.00,2024-12-03 17:06:41
4198696000013376003,04 Dec 2024,00100001010000371762 / 00100001030000015326,Closed,"CRC 13,760.00","CRC 15,548.80",2024-12-04 09:24:28,CRC 0.00,CRC,1.00,2025-01-22 16:11:07
4198696000013384005,04 Dec 2024,004561,Closed,"CRC 33,592.00","CRC 37,958.96",2024-12-04 15:34:42,CRC 0.00,CRC,1.00,2025-01-10 13:14:43
4198696000013398043,04 Dec 2024,00100001030000015342 / 00100001010000372614,Closed,"CRC 3,440.00","CRC 3,887.20",2024-12-05 15:11:53,CRC 0.00,CRC,1.00,2025-01-22 16:11:07
4198696000013398076,07 Nov 2024,00100001010000365751 / 00100001030000015052,Closed,"CRC 1,280.00","CRC 1,446.40",2024-12-05 15:16:12,CRC 0.00,CRC,1.00,2025-01-22 16:11:07
4198696000013398120,06 Dec 2024,00100001030000015341 / 00100001010000370355,Closed,"CRC 3,280.00","CRC 3,706.40",2024-12-05 15:20:09,CRC 0.00,CRC,1.00,2025-01-22 16:11:07
4198696000013561275,02 Dec 2024,0001030000003021100003,Closed,"CRC 10,612.01","CRC 11,991.57",2024-12-09 13:53:14,CRC 0.00,CRC,1.00,2024-12-12 14:09:23
4198696000013601895,09 Dec 2024,XT01-53733,Closed,"CRC 39,600.00","CRC 44,748.00",2024-12-09 16:16:34,CRC 0.00,CRC,1.00,2025-01-03 12:12:31
4198696000013681245,10 Dec 2024,697203 / 00100001030000027319,Closed,"CRC 22,571.17","CRC 25,505.42",2024-12-10 12:09:00,CRC 0.00,CRC,1.00,2025-01-27 17:41:07
4198696000013796104,11 Dec 2024,00100001030000028075,Closed,"CRC 4,165.00","CRC 4,706.45",2024-12-11 12:48:44,CRC 0.00,CRC,1.00,2025-01-06 19:00:41
4198696000013796137,11 Dec 2024,00100001010000425002,Closed,"CRC 3,383.00","CRC 3,822.80",2024-12-11 12:54:18,CRC 0.00,CRC,1.00,2024-12-11 13:34:08
4198696000013796179,11 Dec 2024,00100001010000422720,Closed,"CRC 6,245.80","CRC 7,057.75",2024-12-11 13:01:03,CRC 0.00,CRC,1.00,2024-12-11 13:34:44
4198696000013845594,22 Nov 2024,00100001030000026994,Closed,"CRC 26,089.96","CRC 29,481.65",2024-12-11 17:06:09,CRC 0.00,CRC,1.00,2024-12-12 12:23:07
4198696000013855011,07 Nov 2024,00100001030000005438,Closed,"CRC 25,640.50","CRC 28,973.77",2024-12-12 09:25:16,CRC 0.00,CRC,1.00,2024-12-12 13:38:34
4198696000013855066,04 Oct 2024,00100002030000005849,Closed,"CRC 22,230.00","CRC 25,119.90",2024-12-12 09:38:12,CRC 0.00,CRC,1.00,2024-12-12 13:39:35
4198696000013855140,27 Nov 2024,00100002030000006156,Closed,"CRC 13,900.00","CRC 15,707.00",2024-12-12 09:40:48,CRC 0.00,CRC,1.00,2024-12-12 13:39:22
4198696000013855377,14 Nov 2024,00003327,Closed,"CRC 14,887.20","CRC 16,822.54",2024-12-12 10:02:33,CRC 0.00,CRC,1.00,2024-12-12 13:37:25
4198696000013855841,18 Nov 2024,00100001030000027773,Closed,"CRC 3,267.40","CRC 3,692.16",2024-12-12 10:29:02,CRC 0.00,CRC,1.00,2024-12-12 13:39:10
4198696000013855874,12 Nov 2024,00100001030000009363,Closed,"CRC 43,000.00","CRC 48,590.00",2024-12-12 10:32:15,CRC 0.00,CRC,1.00,2024-12-12 13:40:20
4198696000013943391,28 Nov 2024,00100001030000003641,Closed,"CRC 2,753.98","CRC 3,112.00",2024-12-12 20:30:11,CRC 0.00,CRC,1.00,2025-01-06 19:27:24
4198696000013943414,01 Nov 2024,00100001030000003601,Closed,"CRC 16,324.48","CRC 18,446.66",2024-12-12 20:30:52,CRC 0.00,CRC,1.00,2024-12-12 20:31:26
4198696000014061003,21 Nov 2024,00100001030000018187,Closed,"CRC 50,000.00","CRC 56,500.00",2024-12-13 11:36:56,CRC 0.00,CRC,1.00,2024-12-13 11:37:25
4198696000014061034,01 Nov 2024,00100001030000018041 / 00100001010000056299,Closed,"CRC 17,000.00","CRC 19,210.00",2024-12-13 11:49:05,CRC 0.00,CRC,1.00,2024-12-13 11:49:44
4198696000014287158,01 Dec 2024,00100028030000009492,Closed,"CRC 5,775.00","CRC 6,525.75",2024-12-18 10:24:31,CRC 0.00,CRC,1.00,2025-01-09 21:14:24
4198696000014307353,17 Dec 2024,00100028030000009613,Closed,"CRC 4,825.00","CRC 5,452.25",2024-12-18 13:16:40,CRC 0.00,CRC,1.00,2025-01-09 21:14:40
4198696000014509240,20 Dec 2024,00100001030000027475,Closed,"CRC 31,730.56","CRC 35,855.53",2024-12-20 16:31:56,CRC 0.00,CRC,1.00,2025-01-06 19:17:34
4198696000014901003,02 Jan 2025,00100002030000006317,Closed,"CRC 16,416.80","CRC 18,550.98",2025-01-02 17:35:51,CRC 0.00,CRC,1.00,2025-01-06 19:31:15
4198696000015145674,06 Jan 2025,004523 / 00100001030000003820,Closed,"CRC 45,592.00","CRC 51,518.96",2025-01-07 11:33:58,CRC 0.00,CRC,1.00,2025-02-14 10:38:50
4198696000015164430,07 Jan 2025,00100001030000003664,Closed,"CRC 22,700.00","CRC 25,651.00",2025-01-07 13:30:11,CRC 0.00,CRC,1.00,2025-02-11 09:52:12
4198696000015164956,07 Jan 2025,00100001030000003041,Closed,"CRC 52,997.11","CRC 59,886.73",2025-01-07 17:55:53,CRC 0.00,CRC,1.00,2025-01-21 15:42:33
4198696000015313093,09 Jan 2025,00100001030000003014,Closed,"CRC 76,919.11","CRC 86,918.59",2025-01-09 15:39:26,CRC 0.00,CRC,1.00,2025-01-21 15:42:54
4198696000015313124,09 Jan 2025,00100001030000003038,Closed,"CRC 70,473.69","CRC 79,635.27",2025-01-09 15:40:53,CRC 0.00,CRC,1.00,2025-01-21 15:43:12
4198696000015355197,19 Feb 2025,00100001030000015989,Closed,"CRC 23,200.00","CRC 26,216.00",2025-01-10 10:10:08,CRC 0.00,CRC,1.00,2025-03-07 13:43:38
4198696000015366048,13 Dec 2024,00100001030000015431,Closed,"CRC 59,120.00","CRC 66,805.60",2025-01-10 09:34:20,CRC 0.00,CRC,1.00,2025-01-13 13:10:08
4198696000015465863,11 Jan 2025,00300003030000001961,Closed,"CRC 60,396.00","CRC 68,247.48",2025-01-11 10:38:56,CRC 0.00,CRC,1.00,2025-02-06 17:47:29
4198696000015694516,14 Jan 2025,5416 / 00100001030000012540,Closed,"CRC 22,390.88","CRC 25,301.69",2025-01-14 17:15:56,CRC 0.00,CRC,1.00,2025-02-21 16:45:47
4198696000015693738,15 Jan 2025,00003741,Closed,"CRC 6,640.00","CRC 7,503.20",2025-01-15 10:30:52,CRC 0.00,CRC,1.00,2025-02-06 17:49:57
4198696000015715431,15 Jan 2025,00100001030000003676,Closed,"CRC 4,304.42","CRC 4,863.99",2025-01-15 13:12:31,CRC 0.00,CRC,1.00,2025-02-11 09:51:51
4198696000016608007,05 Mar 2025,5423/00100001030000012575,Closed,"CRC 13,502.32","CRC 15,257.62",2025-01-27 10:54:44,CRC 0.00,CRC,1.00,2025-03-05 15:43:19
4198696000016633318,27 Jan 2025,5426/00100001030000012608,Closed,"CRC 35,247.20","CRC 39,829.34",2025-01-27 14:34:14,CRC 0.00,CRC,1.00,2025-03-08 10:01:29
4198696000016633599,27 Jan 2025,17571 / 00100001030000018472,Closed,"CRC 22,000.00","CRC 24,860.00",2025-01-27 15:49:25,CRC 0.00,CRC,1.00,2025-06-04 11:54:08
4198696000016633831,27 Jan 2025,00100001030000019336,Closed,"CRC 14,305.50","CRC 16,165.22",2025-01-27 16:42:29,CRC 0.00,CRC,1.00,2025-02-06 16:49:28
4198696000016754788,29 Jan 2025,17579,Closed,"CRC 60,000.00","CRC 67,800.00",2025-01-29 11:13:42,CRC 0.00,CRC,1.00,2025-02-06 17:44:47
4198696000017581352,06 Feb 2025,17166,Closed,"CRC 16,022.50","CRC 18,105.43",2025-02-06 13:05:29,CRC 0.00,CRC,1.00,2025-02-14 11:26:33
4198696000017627187,02 Jan 2025,00100001030000018355,Closed,"CRC 20,000.00","CRC 22,600.00",2025-02-06 15:51:33,CRC 0.00,CRC,1.00,2025-02-06 17:42:39
4198696000017634726,06 Feb 2025,00100001030000027978,Closed,"CRC 19,853.32","CRC 22,434.25",2025-02-07 11:54:33,CRC 0.00,CRC,1.00,2025-02-28 11:00:28
4198696000017815058,13 Jan 2025,00100001030000027571,Closed,"CRC 19,144.72","CRC 21,633.53",2025-02-11 10:55:13,CRC 0.00,CRC,1.00,2025-02-11 11:02:51
4198696000017815093,14 Jan 2025,00100001030000027605,Closed,"CRC 9,793.50","CRC 11,066.66",2025-02-11 10:56:55,CRC 0.00,CRC,1.00,2025-02-11 11:02:09
4198696000017826842,11 Feb 2025,00100001030000005631,Closed,"CRC 13,900.00","CRC 15,707.00",2025-02-11 16:23:34,CRC 0.00,CRC,1.00,2025-02-28 10:59:14
4198696000018069553,12 Feb 2025,00100037030000003981,Closed,"CRC 5,875.20","CRC 6,638.98",2025-02-13 16:31:14,CRC 0.00,CRC,1.00,2025-02-21 11:28:29
4198696000018131272,14 Feb 2025,00100001030000002934,Closed,"CRC 90,000.00","CRC 101,700.00",2025-02-14 15:11:59,CRC 0.00,CRC,1.00,2025-02-28 10:59:29
4198696000018177146,14 Feb 2025,00100011030000012194,Closed,"CRC 7,975.98","CRC 9,012.86",2025-02-14 15:49:52,CRC 0.00,CRC,1.00,2025-02-28 10:59:44
4198696000018177157,14 Feb 2025,00100001030000028906,Closed,"CRC 8,372.50","CRC 9,460.93",2025-02-14 15:51:58,CRC 0.00,CRC,1.00,2025-02-21 11:09:05
4198696000018185276,14 Feb 2025,00100011030000012193,Closed,"CRC 11,510.26","CRC 13,006.60",2025-02-17 09:24:44,CRC 0.00,CRC,1.00,2025-02-28 10:59:55
4198696000018194346,17 Feb 2025,00300003030000002093,Closed,"CRC 9,900.00","CRC 11,187.00",2025-02-17 12:50:27,CRC 0.00,CRC,1.00,2025-02-28 11:00:53
4198696000018194548,17 Feb 2025,00100001030000028937,Closed,"CRC 20,264.00","CRC 22,898.33",2025-02-17 13:20:53,CRC 0.00,CRC,1.00,2025-03-06 12:20:38
4198696000018194603,17 Feb 2025,00100001030000028938,Closed,"CRC 8,075.00","CRC 9,124.75",2025-02-17 13:26:11,CRC 0.00,CRC,1.00,2025-03-06 12:03:47
4198696000018194636,18 Feb 2025,00100135030000001551,Closed,"CRC 80,444.80","CRC 90,902.62",2025-02-17 13:31:01,CRC 0.00,CRC,1.00,2025-02-28 10:57:06
4198696000018194667,18 Feb 2025,00100042030000005145,Closed,"CRC 8,228.00","CRC 9,297.64",2025-02-17 13:32:30,CRC 0.00,CRC,1.00,2025-03-18 17:36:37
4198696000018263501,18 Feb 2025,00100031030000004032,Closed,"CRC 13,014.00","CRC 14,705.82",2025-02-18 17:25:03,CRC 0.00,CRC,1.00,2025-03-07 13:55:31
4198696000018430162,19 Feb 2025,00100135030000001553,Closed,"CRC 432,973.80","CRC 489,260.39",2025-02-20 09:48:01,CRC 0.00,CRC,1.00,2025-02-28 10:56:33
4198696000018430549,20 Feb 2025,00100001030000018580,Closed,"CRC 20,000.00","CRC 22,600.00",2025-02-20 10:43:18,CRC 0.00,CRC,1.00,2025-02-28 11:13:05
4198696000018476478,21 Feb 2025,00100001030000003967,Closed,"CRC 9,272.00","CRC 10,477.36",2025-02-20 12:31:32,CRC 0.00,CRC,1.00,2025-03-06 12:52:11
4198696000018569143,24 Feb 2025,00100001030000016028,Closed,"CRC 4,720.00","CRC 5,333.60",2025-02-21 17:02:09,CRC 0.00,CRC,1.00,2025-03-07 13:43:17
4198696000018569160,25 Feb 2025,00100001030000016090,Closed,"CRC 3,344.00","CRC 3,778.72",2025-02-21 17:05:35,CRC 0.00,CRC,1.00,2025-03-11 15:41:30
4198696000018673878,24 Feb 2025,00100084030000000886,Closed,"CRC 27,048.00","CRC 30,564.24",2025-02-24 15:26:17,CRC 0.00,CRC,1.00,2025-03-06 11:55:06
4198696000018673919,24 Feb 2025,00100135030000001558,Closed,"CRC 65,945.60","CRC 74,518.53",2025-02-24 15:32:55,CRC 0.00,CRC,1.00,2025-03-06 12:31:19
4198696000018677579,24 Feb 2025,00300001030000000478,Closed,"CRC 4,230.00","CRC 4,779.90",2025-02-24 17:43:02,CRC 0.00,CRC,1.00,2025-03-06 12:53:35
4198696000018786021,26 Feb 2025,00100002030000006667,Closed,"CRC 18,000.00","CRC 20,340.00",2025-02-26 09:44:32,CRC 0.00,CRC,1.00,2025-02-28 10:58:06
4198696000018786032,03 Mar 2025,00100001030000016146,Closed,"CRC 10,400.00","CRC 11,752.00",2025-02-26 09:48:22,CRC 0.00,CRC,1.00,2025-03-14 10:14:16
4198696000018794092,26 Feb 2025,00100029030000004100,Closed,"CRC 7,098.30","CRC 8,021.08",2025-02-26 15:26:46,CRC 0.00,CRC,1.00,2025-03-07 13:41:48
4198696000018794208,26 Feb 2025,00100001030000028263,Closed,"CRC 25,398.52","CRC 28,700.33",2025-02-26 15:41:08,CRC 0.00,CRC,1.00,2025-03-07 13:30:58
4198696000018794344,26 Feb 2025,00100001030000000187,Closed,"CRC 7,000.00","CRC 7,910.00",2025-02-26 15:53:16,CRC 0.00,CRC,1.00,2025-03-06 12:30:32
4198696000018837264,27 Feb 2025,00100001030000000411,Closed,"CRC 90,202.50","CRC 90,202.50",2025-02-27 13:01:51,CRC 0.00,CRC,1.00,2025-03-31 13:06:00
4198696000018837590,27 Feb 2025,00100029030000004107,Closed,"CRC 18,428.70","CRC 20,824.44",2025-02-27 13:26:19,CRC 0.00,CRC,1.00,2025-03-07 13:41:33
4198696000018837640,27 Feb 2025,00100001030000001031,Closed,"CRC 1,135,308.00","CRC 1,282,898.04",2025-02-27 13:36:54,CRC 0.00,CRC,1.00,2025-03-06 12:28:24
4198696000018837838,27 Feb 2025,00100001030000029242,Closed,"CRC 28,050.00","CRC 31,696.50",2025-02-27 15:06:40,CRC 0.00,CRC,1.00,2025-03-06 11:53:47
4198696000018863437,28 Feb 2025,00100001030000028279,Closed,"CRC 13,610.52","CRC 15,379.89",2025-02-28 11:42:03,CRC 0.00,CRC,1.00,2025-03-07 13:27:49
4198696000018863661,28 Feb 2025,00100026030000004112,Closed,"CRC 18,450.00","CRC 20,848.50",2025-02-28 12:34:28,CRC 0.00,CRC,1.00,2025-03-06 12:29:51
4198696000018926152,01 Mar 2025,00100002030000006685,Closed,"CRC 15,900.00","CRC 17,967.00",2025-03-03 10:19:35,CRC 0.00,CRC,1.00,2025-03-06 12:28:54
4198696000018926316,01 Mar 2025,00100001030000004000,Closed,"CRC 58,392.00","CRC 65,982.96",2025-03-03 10:41:32,CRC 0.00,CRC,1.00,2025-03-06 12:48:34
4198696000018934296,03 Mar 2025,00100001030000028337,Closed,"CRC 17,043.50","CRC 19,259.16",2025-03-03 15:48:03,CRC 0.00,CRC,1.00,2025-03-07 13:27:16
4198696000019056407,04 Mar 2025,00100001030000028375,Closed,"CRC 19,926.59","CRC 22,517.05",2025-03-04 15:05:28,CRC 0.00,CRC,1.00,2025-03-07 13:31:14
4198696000019056440,04 Mar 2025,00100001030000028378,Closed,"CRC 21,253.54","CRC 24,016.50",2025-03-04 15:12:19,CRC 0.00,CRC,1.00,2025-03-07 13:19:23
4198696000019067921,05 Mar 2025,00100001030000003741,Closed,"CRC 25,900.00","CRC 29,267.00",2025-03-05 11:09:12,CRC 0.00,CRC,1.00,2025-03-06 12:46:15
4198696000019073122,04 Mar 2025,00100001030000017743,Closed,"CRC 15,800.00","CRC 17,854.00",2025-03-05 11:21:10,CRC 0.00,CRC,1.00,2025-06-04 18:34:04
4198696000019073824,05 Mar 2025,00100001030000003742,Closed,"CRC 17,901.00","CRC 20,228.13",2025-03-05 13:25:53,CRC 0.00,CRC,1.00,2025-03-06 12:46:30
4198696000019076862,05 Mar 2025,00100001030000016162,Closed,"CRC 14,560.00","CRC 16,452.80",2025-03-05 17:15:38,CRC 0.00,CRC,1.00,2025-03-06 12:42:50
4198696000019129262,06 Mar 2025,00100001030000029317,Closed,"CRC 2,465.00","CRC 2,785.45",2025-03-06 10:10:06,CRC 0.00,CRC,1.00,2025-03-06 11:54:29
4198696000019129295,06 Mar 2025,00100001030000028395,Closed,"CRC 7,152.12","CRC 8,081.90",2025-03-06 10:12:00,CRC 0.00,CRC,1.00,2025-03-07 13:32:12
4198696000019129492,05 Mar 2025,00100001030000003086,Closed,"CRC 35,880.86","CRC 40,545.37",2025-03-06 10:59:01,CRC 0.00,CRC,1.00,2025-03-06 12:42:27
4198696000019179909,01 Feb 2025,00100001030000028345,Closed,"CRC 16,195.50","CRC 18,300.92",2025-03-06 13:29:24,CRC 0.00,CRC,1.00,2025-03-07 10:53:54
4198696000019188098,06 Mar 2025,00100002030000006727,Closed,"CRC 13,800.00","CRC 15,594.00",2025-03-06 17:16:46,CRC 0.00,CRC,1.00,2025-03-07 13:40:35
4198696000019188142,06 Mar 2025,00100002030000006728,Closed,"CRC 14,700.00","CRC 16,611.00",2025-03-06 17:29:47,CRC 0.00,CRC,1.00,2025-03-07 13:40:47
4198696000019192003,07 Mar 2025,00100011030000012336,Closed,"CRC 42,183.43","CRC 47,667.28",2025-03-07 09:20:43,CRC 0.00,CRC,1.00,2025-03-14 11:41:45
4198696000019252054,07 Mar 2025,00100001030000028414,Closed,"CRC 6,208.52","CRC 7,015.63",2025-03-07 17:36:36,CRC 0.00,CRC,1.00,2025-03-14 09:50:32
4198696000019252089,07 Mar 2025,00100001030000018678,Closed,"CRC 65,000.00","CRC 73,450.00",2025-03-07 17:41:11,CRC 0.00,CRC,1.00,2025-05-08 10:30:26
4198696000019300016,08 Mar 2025,00100001030000004022,Closed,"CRC 35,992.00","CRC 40,670.96",2025-03-08 09:57:04,CRC 0.00,CRC,1.00,2025-03-14 14:40:44
4198696000019394169,10 Mar 2025,00100001030000029359,Closed,"CRC 6,162.50","CRC 6,963.63",2025-03-10 11:06:14,CRC 0.00,CRC,1.00,2025-03-14 10:42:36
4198696000019414169,10 Mar 2025,00100001030000029376,Closed,"CRC 4,037.50","CRC 4,562.38",2025-03-10 16:50:17,CRC 0.00,CRC,1.00,2025-03-14 10:44:43
4198696000019414379,10 Mar 2025,00100011030000012363,Closed,"CRC 27,796.42","CRC 31,409.95",2025-03-10 17:27:27,CRC 0.00,CRC,1.00,2025-03-14 11:41:45
4198696000019414412,10 Mar 2025,00100001030000003089,Closed,"CRC 60,391.91","CRC 68,242.86",2025-03-10 17:32:12,CRC 0.00,CRC,1.00,2025-03-14 11:25:20
4198696000019511037,10 Mar 2025,00100001030000016234,Closed,"CRC 21,600.00","CRC 24,408.00",2025-03-11 09:38:35,CRC 0.00,CRC,1.00,2025-03-14 14:40:59
4198696000019511322,11 Mar 2025,00100001030000002303,Open,"CRC 30,510.00","CRC 30,510.00",2025-03-11 10:35:51,"CRC 30,510.00",CRC,1.00,2025-03-11 10:35:51
4198696000019511856,11 Mar 2025,00100001030000029384,Closed,"CRC 5,015.00","CRC 5,666.95",2025-03-11 11:36:07,CRC 0.00,CRC,1.00,2025-03-14 10:45:05
4198696000019511993,11 Mar 2025,00100001030000003091,Closed,"CRC 67,291.38","CRC 76,039.26",2025-03-11 11:56:11,CRC 0.00,CRC,1.00,2025-03-14 11:24:47
4198696000019560024,11 Mar 2025,00100001030000003092,Closed,"CRC 74,183.96","CRC 83,827.87",2025-03-11 11:57:57,CRC 0.00,CRC,1.00,2025-03-14 11:24:10
4198696000019560053,12 Mar 2025,00100001030000016248,Closed,"CRC 13,596.00","CRC 15,363.48",2025-03-11 12:04:39,CRC 0.00,CRC,1.00,2025-03-20 14:34:41
4198696000019667392,12 Mar 2025,00100001030000003746,Closed,"CRC 239,244.00","CRC 270,345.71",2025-03-12 11:16:10,CRC 0.00,CRC,1.00,2025-03-14 10:39:09
4198696000019671237,13 Mar 2025,00100001030000004044,Closed,"CRC 41,584.00","CRC 46,989.92",2025-03-12 12:15:09,CRC 0.00,CRC,1.00,2025-03-14 14:41:49
4198696000019671253,12 Mar 2025,00100036030000004214,Closed,"CRC 15,105.00","CRC 17,068.65",2025-03-12 12:33:31,CRC 0.00,CRC,1.00,2025-04-10 23:12:39
4198696000019575360,11 Mar 2025,00100001030000028507,Closed,"CRC 14,679.73","CRC 16,588.09",2025-03-11 17:15:38,CRC 0.00,CRC,1.00,2025-03-14 09:50:56
4198696000019723016,12 Mar 2025,00100027030000004216,Closed,"CRC 29,228.24","CRC 33,027.92",2025-03-12 16:20:12,CRC 0.00,CRC,1.00,2025-03-14 16:01:40
4198696000019764806,13 Mar 2025,00100001030000003094,Closed,"CRC 560,864.70","CRC 633,777.12",2025-03-13 13:00:55,CRC 0.00,CRC,1.00,2025-03-14 11:26:02
4198696000019778914,10 Feb 2025,00100026030000006728,Closed,"CRC 17,525.00","CRC 19,803.25",2025-03-13 15:25:09,CRC 0.00,CRC,1.00,2025-03-13 15:27:29
4198696000019785529,13 Mar 2025,00100001030000017869,Closed,"CRC 10,800.00","CRC 12,204.00",2025-03-13 16:40:38,CRC 0.00,CRC,1.00,2025-03-14 16:01:02
4198696000019827437,13 Mar 2025,00100001030000016280,Closed,"CRC 187,840.00","CRC 212,259.20",2025-03-14 09:34:36,CRC 0.00,CRC,1.00,2025-03-14 16:01:16
4198696000019841431,14 Mar 2025,00100027030000004229,Closed,"CRC 21,532.50","CRC 24,331.72",2025-03-14 13:46:44,CRC 0.00,CRC,1.00,2025-03-19 09:15:54
4198696000019841475,14 Mar 2025,00100027030000004233,Closed,"CRC 2,335.95","CRC 2,639.62",2025-03-14 13:51:31,CRC 0.00,CRC,1.00,2025-03-19 09:15:25
4198696000019802166,14 Mar 2025,00100001030000018722,Closed,"CRC 25,000.00","CRC 28,250.00",2025-03-17 09:29:29,CRC 0.00,CRC,1.00,2025-04-08 17:34:27
4198696000019802197,14 Mar 2025,00100001030000018721,Closed,"CRC 35,000.00","CRC 39,550.00",2025-03-17 09:41:24,CRC 0.00,CRC,1.00,2025-03-18 17:31:15
4198696000019870126,17 Mar 2025,00100001030000003098,Closed,"CRC 72,963.48","CRC 82,448.73",2025-03-17 15:14:31,CRC 0.00,CRC,1.00,2025-03-18 17:35:16
4198696000020033886,19 Mar 2025,00100001030000016381,Closed,"CRC 31,200.00","CRC 35,256.00",2025-03-19 15:46:16,CRC 0.00,CRC,1.00,2025-03-20 14:35:46
4198696000020033899,19 Mar 2025,00100001030000016380,Closed,"CRC 77,600.00","CRC 87,688.00",2025-03-19 15:48:09,CRC 0.00,CRC,1.00,2025-03-20 14:35:18
4198696000020050146,27 Mar 2025,00100011030000012517,Closed,"CRC 29,415.18","CRC 33,239.15",2025-03-19 16:50:45,CRC 0.00,CRC,1.00,2025-03-27 19:30:57
4198696000020030186,18 Mar 2025,00100001030000002966,Open,"CRC 9,000.00","CRC 10,170.00",2025-03-19 12:04:07,"CRC 10,170.00",CRC,1.00,2025-04-08 11:48:21
4198696000020178681,21 Mar 2025,00100001030000016405,Closed,"CRC 9,200.00","CRC 10,396.00",2025-03-21 15:03:23,CRC 0.00,CRC,1.00,2025-03-27 19:21:06
4198696000020315367,26 Mar 2025,00100002030000006845,Closed,"CRC 40,230.00","CRC 45,459.90",2025-03-25 15:39:15,CRC 0.00,CRC,1.00,2025-03-31 13:17:27
4198696000020419894,26 Mar 2025,00100001030000019879,Closed,"CRC 40,460.00","CRC 45,719.80",2025-03-26 15:14:43,CRC 0.00,CRC,1.00,2025-04-11 15:40:04
4198696000020426405,26 Mar 2025,00100001030000016427,Closed,"CRC 6,240.00","CRC 7,051.20",2025-03-26 16:45:54,CRC 0.00,CRC,1.00,2025-03-27 19:31:52
4198696000020426449,26 Mar 2025,00100001030000029679,Closed,"CRC 3,122.90","CRC 3,528.88",2025-03-26 17:42:56,CRC 0.00,CRC,1.00,2025-03-27 18:37:21
4198696000020426620,01 Apr 2025,00100001030000012741,Closed,"CRC 12,917.50","CRC 14,596.77",2025-03-27 09:36:49,CRC 0.00,CRC,1.00,2025-04-10 10:44:35
4198696000020426636,26 Mar 2025,00100001030000004089,Closed,"CRC 50,316.00","CRC 56,857.08",2025-03-27 09:41:32,CRC 0.00,CRC,1.00,2025-03-31 12:37:53
4198696000020426652,28 Mar 2025,00100001030000029747,Closed,"CRC 5,945.75","CRC 6,718.70",2025-03-27 09:44:31,CRC 0.00,CRC,1.00,2025-03-31 12:59:19
4198696000020426674,27 Mar 2025,00100001030000029700,Closed,"CRC 16,830.00","CRC 19,017.90",2025-03-27 09:50:59,CRC 0.00,CRC,1.00,2025-03-31 13:11:31
4198696000020436004,27 Mar 2025,00200001030000004992,Closed,"CRC 16,199.79","CRC 18,305.76",2025-03-27 12:30:56,CRC 0.00,CRC,1.00,2025-04-15 14:09:42
4198696000020447379,28 Mar 2025,00100001030000004090,Closed,"CRC 61,592.00","CRC 69,598.96",2025-03-28 09:50:25,CRC 0.00,CRC,1.00,2025-03-31 13:00:07
4198696000020459350,28 Mar 2025,00100036030000004306,Closed,"CRC 16,899.00","CRC 19,095.87",2025-03-28 13:50:54,CRC 0.00,CRC,1.00,2025-03-31 12:59:48
4198696000020619819,31 Mar 2025,00100027030000004314,Closed,"CRC 17,483.40","CRC 19,756.24",2025-03-31 15:50:32,CRC 0.00,CRC,1.00,2025-04-01 11:00:58
4198696000020621090,31 Mar 2025,00100002030000006866,Closed,"CRC 17,820.00","CRC 20,136.60",2025-03-31 16:36:35,CRC 0.00,CRC,1.00,2025-04-01 11:00:29
4198696000020630105,01 Apr 2025,00100001030000029800,Closed,"CRC 8,415.00","CRC 9,508.95",2025-04-01 10:33:54,CRC 0.00,CRC,1.00,2025-04-11 10:04:36
4198696000020787108,02 Apr 2025,00100001030000007519,Closed,"CRC 6,478.21","CRC 7,320.38",2025-04-03 09:10:59,CRC 0.00,CRC,1.00,2025-04-03 12:49:26
4198696000020811102,07 Apr 2025,00100001030000029879,Closed,"CRC 7,220.75","CRC 8,159.45",2025-04-03 10:43:10,CRC 0.00,CRC,1.00,2025-04-25 12:34:12
4198696000020824279,08 Apr 2025,00100001030000028909,Closed,"CRC 6,823.96","CRC 7,711.07",2025-04-03 12:28:11,CRC 0.00,CRC,1.00,2025-04-10 22:53:45
4198696000020901860,04 Apr 2025,00100001030000003773,Closed,"CRC 47,000.00","CRC 53,110.00",2025-04-04 13:41:02,CRC 0.00,CRC,1.00,2025-04-10 23:02:35
4198696000020907024,04 Apr 2025,00300003030000002273,Closed,"CRC 9,000.00","CRC 10,170.00",2025-04-04 13:57:12,CRC 0.00,CRC,1.00,2025-04-08 14:34:22
4198696000020914228,04 Apr 2025,00100001030000003778,Closed,"CRC 31,000.00","CRC 35,030.00",2025-04-04 16:09:11,CRC 0.00,CRC,1.00,2025-04-08 14:35:05
4198696000021056202,05 Apr 2025,00100001030000028869,Closed,"CRC 42,434.69","CRC 47,951.20",2025-04-07 09:37:15,CRC 0.00,CRC,1.00,2025-04-08 14:35:47
4198696000021134722,08 Apr 2025,00100001030000028935,Closed,"CRC 12,100.00","CRC 13,673.00",2025-04-08 13:39:44,CRC 0.00,CRC,1.00,2025-04-10 22:52:41
4198696000021156540,09 Apr 2025,00100001030000001072,Closed,"CRC 205,014.32","CRC 231,666.18",2025-04-09 10:59:39,CRC 0.00,CRC,1.00,2025-04-25 10:53:59
4198696000021247840,09 Apr 2025,55680,Open,"CRC 37,357.50","CRC 42,213.98",2025-04-09 17:23:26,"CRC 42,213.98",CRC,1.00,2025-04-09 17:23:26
4198696000021413944,14 Apr 2025,00100001030000018868,Closed,"CRC 22,000.00","CRC 24,860.00",2025-04-14 12:53:31,CRC 0.00,CRC,1.00,2025-05-08 10:30:56
4198696000021620133,16 Apr 2025,00100039030000004422,Closed,"CRC 3,772.50","CRC 4,262.93",2025-04-16 14:31:56,CRC 0.00,CRC,1.00,2025-04-25 11:36:09
4198696000021866085,22 Apr 2025,00100001030000003118,Closed,"CRC 73,263.42","CRC 82,787.66",2025-04-22 13:07:32,CRC 0.00,CRC,1.00,2025-04-25 13:01:21
4198696000021866438,01 Jan 2025,00100001030000017995,Closed,"CRC 20,000.00","CRC 22,600.00",2025-04-22 14:51:47,CRC 0.00,CRC,1.00,2025-06-04 11:35:02
4198696000021866647,22 Apr 2025,00100001030000003119,Closed,"CRC 63,472.65","CRC 71,724.09",2025-04-22 15:03:13,CRC 0.00,CRC,1.00,2025-04-25 13:01:08
4198696000021886540,22 Apr 2025,00100001030000003120,Closed,"CRC 63,864.42","CRC 72,166.79",2025-04-22 17:01:03,CRC 0.00,CRC,1.00,2025-04-25 13:00:36
4198696000021802425,28 Apr 2025,00100001030000029139,Closed,"CRC 3,908.00","CRC 4,416.04",2025-04-21 17:01:35,CRC 0.00,CRC,1.00,2025-05-09 13:49:40
4198696000022082109,24 Apr 2025,00100001030000001077,Closed,"CRC 2,155,970.17","CRC 2,436,246.29",2025-04-24 11:00:31,CRC 0.00,CRC,1.00,2025-04-25 13:58:30
4198696000022194897,25 Apr 2025,00100011030000012709,Closed,"CRC 6,757.82","CRC 7,636.34",2025-04-25 17:35:22,CRC 0.00,CRC,1.00,2025-05-09 13:14:06
4198696000022280315,01 May 2025,00100001030000016750,Closed,"CRC 12,960.00","CRC 14,644.80",2025-04-28 09:51:56,CRC 0.00,CRC,1.00,2025-05-09 13:25:12
4198696000022303611,28 Apr 2025,00100001030000029141,Closed,"CRC 9,450.00","CRC 10,678.50",2025-04-28 16:04:09,CRC 0.00,CRC,1.00,2025-05-09 13:50:03
4198696000022453834,30 Apr 2025,00100001030000029208,Closed,"CRC 8,777.72","CRC 9,918.82",2025-04-30 15:45:19,CRC 0.00,CRC,1.00,2025-05-09 13:50:21
4198696000022374956,29 Apr 2025,00100001030000030166,Closed,"CRC 26,307.50","CRC 29,727.48",2025-04-29 14:17:39,CRC 0.00,CRC,1.00,2025-05-09 13:30:50
4198696000022588312,02 May 2025,00100028030000000105,Closed,"CRC 15,112.50","CRC 17,077.13",2025-05-02 13:05:41,CRC 0.00,CRC,1.00,2025-05-09 13:10:46
4198696000022597821,03 May 2025,00100021030000000108,Closed,"CRC 10,200.00","CRC 11,526.00",2025-05-05 09:51:55,CRC 0.00,CRC,1.00,2025-05-09 13:11:57
4198696000022646089,02 May 2025,00100001030000016821,Closed,"CRC 13,360.00","CRC 15,096.80",2025-05-05 10:17:26,CRC 0.00,CRC,1.00,2025-05-09 13:26:50
4198696000022544359,02 May 2025,00100001030000016749,Closed,"CRC 59,040.00","CRC 66,715.20",2025-05-02 11:32:58,CRC 0.00,CRC,1.00,2025-05-09 13:24:34
4198696000022650415,05 May 2025,00100021030000004483,Closed,"CRC 6,746.24","CRC 7,623.26",2025-05-05 17:31:47,CRC 0.00,CRC,1.00,2025-05-09 12:57:10
4198696000022897776,08 May 2025,00100021030000004509,Closed,"CRC 33,607.50","CRC 37,976.48",2025-05-08 10:42:45,CRC 0.00,CRC,1.00,2025-05-09 12:57:38
4198696000022953236,10 May 2025,00100001030000029353,Closed,"CRC 14,580.00","CRC 16,475.40",2025-05-12 11:16:47,CRC 0.00,CRC,1.00,2025-05-30 11:46:33
4198696000022953296,09 May 2025,00100001030000030331,Closed,"CRC 8,330.00","CRC 9,412.90",2025-05-12 11:19:51,CRC 0.00,CRC,1.00,2025-05-30 11:29:20
4198696000023024338,13 May 2025,00100001030000029408,Closed,"CRC 20,412.00","CRC 23,065.56",2025-05-13 11:40:20,CRC 0.00,CRC,1.00,2025-05-30 10:42:00
4198696000023351607,15 May 2025,00100001030000003811,Closed,"CRC 1,124.77","CRC 1,270.99",2025-05-16 10:35:38,CRC 0.00,CRC,1.00,2025-05-29 14:51:29
4198696000023429552,19 May 2025,00100001030000016929,Closed,"CRC 40,480.00","CRC 45,742.40",2025-05-20 12:46:12,CRC 0.00,CRC,1.00,2025-05-30 10:38:21
4198696000023365790,14 May 2025,00100011030000012843,Closed,"CRC 1,132.30","CRC 1,279.50",2025-05-16 13:59:31,CRC 0.00,CRC,1.00,2025-05-29 14:50:12
4198696000023365834,16 May 2025,00100001030000010782,Closed,"CRC 10,920.00","CRC 12,339.60",2025-05-16 14:24:22,CRC 0.00,CRC,1.00,2025-05-30 10:42:13
4198696000023365963,16 May 2025,00100028030000000142,Closed,"CRC 8,982.00","CRC 10,149.66",2025-05-16 14:30:47,CRC 0.00,CRC,1.00,2025-05-30 10:39:42
4198696000023373017,07 May 2025,800008641,Closed,"CRC 42,999.97","CRC 48,589.97",2025-05-16 14:33:50,CRC 0.00,CRC,1.00,2025-05-30 10:42:50
4198696000023373060,16 May 2025,00100001030000030526,Closed,"CRC 16,150.00","CRC 18,249.50",2025-05-16 14:41:13,CRC 0.00,CRC,1.00,2025-05-30 10:40:39
4198696000023474367,21 May 2025,00200001030000004384,Closed,"CRC 24,266.35","CRC 27,420.98",2025-05-21 14:30:52,CRC 0.00,CRC,1.00,2025-06-04 18:36:15
4198696000023379196,16 May 2025,00100028030000004547,Closed,"CRC 7,061.25","CRC 7,979.21",2025-05-17 11:22:21,CRC 0.00,CRC,1.00,2025-05-30 10:39:20
4198696000023379233,17 May 2025,00100001030000012837,Closed,"CRC 4,873.61","CRC 5,507.18",2025-05-17 11:24:56,CRC 0.00,CRC,1.00,2025-05-30 10:38:40
4198696000023455117,21 May 2025,00100001030000004203,Closed,"CRC 18,384.00","CRC 20,773.92",2025-05-21 11:51:40,CRC 0.00,CRC,1.00,2025-05-30 10:33:11
4198696000023434656,20 May 2025,00100001030000019054,Closed,"CRC 40,000.00","CRC 45,200.00",2025-05-20 17:20:15,CRC 0.00,CRC,1.00,2025-05-30 10:38:01
4198696000023685668,26 May 2025,00100001030000007391,Closed,"CRC 10,545.50","CRC 11,916.42",2025-05-26 17:17:17,CRC 0.00,CRC,1.00,2025-05-30 10:32:34
4198696000023685703,30 May 2025,00100001030000030878,Closed,"CRC 9,061.00","CRC 10,238.93",2025-05-26 17:18:52,CRC 0.00,CRC,1.00,2025-06-04 11:55:03
4198696000023685716,26 May 2025,00100036030000004598,Closed,"CRC 16,387.50","CRC 18,517.88",2025-05-26 17:30:36,CRC 0.00,CRC,1.00,2025-05-30 13:03:19
4198696000023685753,26 May 2025,00100036030000004599,Closed,"CRC 8,696.25","CRC 9,826.76",2025-05-26 17:32:54,CRC 0.00,CRC,1.00,2025-05-30 13:03:31
4198696000023644473,26 May 2025,00100001030000030737,Closed,"CRC 5,091.50","CRC 5,753.40",2025-05-26 11:54:39,CRC 0.00,CRC,1.00,2025-05-30 10:36:27
4198696000023644630,24 May 2025,00100036030000004591,Closed,"CRC 34,966.80","CRC 39,512.48",2025-05-26 12:50:52,CRC 0.00,CRC,1.00,2025-05-30 10:33:30
4198696000023716702,27 May 2025,00100001030000029636,Closed,"CRC 21,402.00","CRC 24,184.26",2025-05-27 16:58:49,CRC 0.00,CRC,1.00,2025-05-30 10:37:11
4198696000024105116,04 Jun 2025,00100038030000004635,Closed,"CRC 8,139.37","CRC 9,197.49",2025-06-04 09:48:57,CRC 0.00,CRC,1.00,2025-06-04 11:56:30
4198696000024105817,29 May 2025,00100001030000019116,Closed,"CRC 30,000.00","CRC 33,900.00",2025-06-04 10:57:58,CRC 0.00,CRC,1.00,2025-06-04 11:30:49
4198696000024474057,10 Jun 2025,00100001030000017229,Closed,"CRC 29,360.00","CRC 33,176.80",2025-06-11 11:08:34,CRC 0.00,CRC,1.00,2025-06-20 09:12:06
4198696000024993074,20 Jun 2025,00100001030000031135,Closed,"CRC 10,195.75","CRC 11,521.20",2025-06-20 09:23:18,CRC 0.00,CRC,1.00,2025-06-20 16:14:37
4198696000024036256,02 Jun 2025,00100001030000030919,Closed,"CRC 4,202.40","CRC 4,748.71",2025-06-03 12:30:21,CRC 0.00,CRC,1.00,2025-06-25 17:16:36
4198696000025321105,19 Jun 2025,00100001030000003851,Closed,"CRC 40,420.00","CRC 45,674.60",2025-06-25 15:25:40,CRC 0.00,CRC,1.00,2025-06-27 13:58:05
4198696000025321320,24 Jun 2025,00100001030000030048,Closed,"CRC 11,549.80","CRC 13,051.27",2025-06-25 17:19:13,CRC 0.00,CRC,1.00,2025-06-27 13:59:10
4198696000024338764,09 Jun 2025,00100001030000029803,Closed,"CRC 35,589.24","CRC 40,215.84",2025-06-09 12:33:58,CRC 0.00,CRC,1.00,2025-06-27 16:33:25
4198696000024338806,09 Jun 2025,00100001030000029802,Closed,"CRC 1,686.98","CRC 1,906.29",2025-06-09 12:36:42,CRC 0.00,CRC,1.00,2025-06-27 16:34:00
4198696000025779234,14 Jun 2025,00100001030000004272,Closed,"CRC 19,184.00","CRC 21,677.92",2025-07-01 12:04:28,CRC 0.00,CRC,1.00,2025-07-01 12:25:02
4198696000025779330,18 Jun 2025,00100001030000004280,Closed,"CRC 6,975.20","CRC 7,881.98",2025-07-01 12:10:58,CRC 0.00,CRC,1.00,2025-07-01 12:24:46
4198696000024320154,06 Jun 2025,00200001030000005308,Closed,"CRC 29,748.24","CRC 33,615.51",2025-06-06 12:27:31,CRC 0.00,CRC,1.00,2025-07-04 09:37:10
4198696000025794276,30 Jun 2025,00100001030000031426,Closed,"CRC 5,945.75","CRC 6,718.70",2025-07-01 17:51:18,CRC 0.00,CRC,1.00,2025-07-04 09:39:45
4198696000025503942,27 Jun 2025,00100001030000003865,Closed,"CRC 29,950.00","CRC 33,843.50",2025-06-27 17:21:10,CRC 0.00,CRC,1.00,2025-07-04 09:39:07
4198696000025503557,24 Jun 2025,00100001030000019245,Closed,"CRC 70,000.00","CRC 79,100.00",2025-06-27 16:39:46,CRC 0.00,CRC,1.00,2025-07-04 09:37:49
4198696000025832125,30 Jun 2025,00100001030000017468,Closed,"CRC 3,840.00","CRC 4,339.20",2025-07-02 09:32:01,CRC 0.00,CRC,1.00,2025-07-04 09:39:23
4198696000023644510,23 May 2025,00100011030000012921,Closed,"CRC 289,605.42","CRC 327,254.12",2025-05-26 12:47:20,CRC 0.00,CRC,1.00,2025-07-04 09:41:22
4198696000025538354,26 Jun 2025,00100001030000017423,Closed,"CRC 6,240.00","CRC 7,051.20",2025-06-28 10:27:38,CRC 0.00,CRC,1.00,2025-07-04 09:38:01
4198696000024993024,20 Jun 2025,00100001030000017245,Closed,"CRC 32,160.00","CRC 36,340.80",2025-06-20 09:19:49,CRC 0.00,CRC,1.00,2025-07-08 12:39:23
4198696000024290945,09 Jul 2025,00100001030000030288,Closed,"CRC 34,560.00","CRC 39,052.80",2025-06-06 12:16:16,CRC 0.00,CRC,1.00,2025-07-11 11:32:34
4198696000026213382,09 Jul 2025,00100001030000030289,Closed,"CRC 4,264.08","CRC 4,818.41",2025-07-09 17:07:16,CRC 0.00,CRC,1.00,2025-07-11 11:33:01
4198696000025538387,27 Jun 2025,00100001030000030079,Closed,"CRC 30,188.64","CRC 34,113.16",2025-06-28 10:44:52,CRC 0.00,CRC,1.00,2025-07-11 11:33:37
4198696000026351099,10 Jul 2025,00100027030000004774,Closed,"CRC 4,605.00","CRC 5,203.65",2025-07-10 12:00:04,CRC 0.00,CRC,1.00,2025-07-11 11:30:11
4198696000025794309,01 Jul 2025,00200001030000005421,Closed,"CRC 27,507.53","CRC 31,083.51",2025-07-01 17:57:30,CRC 0.00,CRC,1.00,2025-07-11 11:35:42
4198696000026448430,20 Jun 2025,00100001030000029997,Closed,"CRC 45,855.20","CRC 51,816.38",2025-07-11 12:50:38,CRC 0.00,CRC,1.00,2025-07-11 12:53:17
4198696000026213331,13 Jun 2025,00100001030000029879,Closed,"CRC 27,188.26","CRC 30,722.73",2025-07-09 17:04:57,CRC 0.00,CRC,1.00,2025-07-11 11:34:25
4198696000026530841,21 Jul 2025,00100001030000012985,Closed,"CRC 12,976.25","CRC 14,663.16",2025-07-14 14:33:08,CRC 0.00,CRC,1.00,2025-07-22 13:03:39
4198696000026546292,14 Jul 2025,00100001030000019360,Closed,"CRC 28,000.00","CRC 31,640.00",2025-07-14 17:01:37,CRC 0.00,CRC,1.00,2025-07-22 13:07:04
4198696000026806756,18 Jul 2025,00100001030000031802,Closed,"CRC 25,491.50","CRC 28,805.40",2025-07-18 16:59:17,CRC 0.00,CRC,1.00,2025-07-22 13:04:19
4198696000026546725,14 Jul 2025,00100001030000031697,Closed,"CRC 20,395.75","CRC 23,047.20",2025-07-15 09:48:45,CRC 0.00,CRC,1.00,2025-07-22 13:07:19
4198696000026806806,18 Jul 2025,00100001030000030453,Closed,"CRC 14,995.81","CRC 16,945.27",2025-07-18 17:03:56,CRC 0.00,CRC,1.00,2025-07-22 13:04:43
4198696000026891169,21 Jul 2025,00100001030000031813,Closed,"CRC 11,900.00","CRC 13,447.00",2025-07-21 09:43:57,CRC 0.00,CRC,1.00,2025-07-22 13:03:59
4198696000026912573,23 Jul 2025,00100001030000017705,Closed,"CRC 28,800.00","CRC 32,544.00",2025-07-21 14:49:39,CRC 0.00,CRC,1.00,2025-07-23 17:19:34
4198696000026546665,14 Jul 2025,00100001030000031698,Closed,"CRC 2,507.50","CRC 2,833.48",2025-07-15 09:46:14,CRC 0.00,CRC,1.00,2025-08-01 13:10:28
4198696000027301859,29 Jul 2025,00100001030000031917,Closed,"CRC 5,950.00","CRC 6,723.50",2025-07-29 16:29:36,CRC 0.00,CRC,1.00,2025-08-01 13:12:36
4198696000026728188,17 Jul 2025,00100001030000031773,Closed,"CRC 3,145.00","CRC 3,553.85",2025-07-17 13:19:29,CRC 0.00,CRC,1.00,2025-08-01 13:11:03
4198696000027380191,30 Jul 2025,00100001030000005995,Closed,"CRC 7,900.00","CRC 8,927.00",2025-07-30 17:21:04,CRC 0.00,CRC,1.00,2025-08-01 13:11:57
4198696000026966627,22 Jul 2025,00100034030000004825,Closed,"CRC 13,687.50","CRC 15,466.88",2025-07-22 14:54:03,CRC 0.00,CRC,1.00,2025-08-01 13:11:23
4198696000027402813,07 Jul 2025,00100001030000031567,Closed,"CRC 46,750.00","CRC 52,827.50",2025-07-31 17:25:02,CRC 0.00,CRC,1.00,2025-08-01 13:09:51
4198696000027282766,24 Jul 2025,00100001030000003881,Closed,"CRC 53,550.00","CRC 60,511.50",2025-07-29 10:40:54,CRC 0.00,CRC,1.00,2025-08-01 13:11:40
4198696000026662592,08 Aug 2025,00100001030000003054,Closed,"CRC 30,697.32","CRC 34,687.97",2025-07-16 15:51:13,CRC 0.00,CRC,1.00,2025-08-15 14:02:42
4198696000027868414,05 Aug 2025,00100028030000004875,Closed,"CRC 8,538.60","CRC 9,648.62",2025-08-05 13:50:29,CRC 0.00,CRC,1.00,2025-08-15 14:06:21
4198696000028023895,14 Aug 2025,00100001030000017922,Closed,"CRC 24,480.00","CRC 27,662.40",2025-08-08 09:45:18,CRC 0.00,CRC,1.00,2025-08-15 14:07:56
4198696000028115458,11 Aug 2025,00100001030000003933,Closed,"CRC 50,974.50","CRC 57,601.18",2025-08-12 10:54:37,CRC 0.00,CRC,1.00,2025-08-15 14:07:40
4198696000027754130,05 Aug 2025,00100001030000003926,Closed,"CRC 78,600.00","CRC 88,818.00",2025-08-04 12:48:42,CRC 0.00,CRC,1.00,2025-08-15 14:07:21
4198696000027977207,06 Aug 2025,00100001030000032085,Closed,"CRC 15,295.75","CRC 17,284.20",2025-08-07 09:29:37,CRC 0.00,CRC,1.00,2025-08-15 14:10:04
4198696000028036753,08 Aug 2025,00100135030000001679,Closed,"CRC 4,930.00","CRC 5,570.90",2025-08-08 17:00:58,CRC 0.00,CRC,1.00,2025-08-15 14:11:18
4198696000027771315,04 Aug 2025,00100001030000003925,Closed,"CRC 39,705.60","CRC 44,867.33",2025-08-04 17:43:44,CRC 0.00,CRC,1.00,2025-08-15 14:08:45
4198696000028021659,07 Aug 2025,00100008030000000360,Closed,"CRC 14,803.50","CRC 16,727.96",2025-08-07 16:23:58,CRC 0.00,CRC,1.00,2025-08-15 14:11:00
4198696000027402850,06 Aug 2025,00100001030000030673,Closed,"CRC 14,635.66","CRC 16,538.30",2025-07-31 17:30:51,CRC 0.00,CRC,1.00,2025-08-15 14:09:43
4198696000027868828,05 Aug 2025,00100021030000004876,Closed,"CRC 9,796.87","CRC 11,070.46",2025-08-05 14:14:18,CRC 0.00,CRC,1.00,2025-08-15 14:06:56
4198696000028036512,08 Aug 2025,00100001030000003053,Closed,"CRC 21,858.84","CRC 24,700.49",2025-08-08 16:00:32,CRC 0.00,CRC,1.00,2025-08-15 14:02:42
4198696000026912610,21 Jul 2025,00100001030000017706,Closed,"CRC 12,400.00","CRC 14,012.00",2025-07-21 14:51:38,CRC 0.00,CRC,1.00,2025-08-15 14:25:09
4198696000026912540,21 Jul 2025,00100001010000010172,Open,"CRC 30,088.50","CRC 34,000.01",2025-07-21 14:40:43,"CRC 19,000.01",CRC,1.00,2025-08-19 14:51:31
4198696000028115421,11 Aug 2025,00100001030000030772,Closed,"CRC 16,473.60","CRC 18,615.17",2025-08-12 10:41:15,CRC 0.00,CRC,1.00,2025-08-19 14:49:15
4198696000027402887,06 Aug 2025,00100001030000030674,Closed,"CRC 6,122.29","CRC 6,918.19",2025-07-31 17:32:29,CRC 0.00,CRC,1.00,2025-08-19 14:48:20
4198696000027943153,06 Aug 2025,00100001030000030659,Closed,"CRC 31,047.61","CRC 35,083.80",2025-08-06 13:18:51,CRC 0.00,CRC,1.00,2025-08-19 14:50:46
4198696000028115332,11 Aug 2025,00100001030000030784,Closed,"CRC 309,648.89","CRC 349,903.24",2025-08-12 10:28:13,CRC 0.00,CRC,1.00,2025-08-19 14:50:04
4198696000028023850,25 Aug 2025,00300001030000000630,Closed,"CRC 3,800.00","CRC 4,294.00",2025-08-08 09:41:21,CRC 0.00,CRC,1.00,2025-08-29 13:43:52
4198696000028752440,19 Aug 2025,00100001030000018001,Closed,"CRC 3,200.00","CRC 3,616.00",2025-08-22 10:24:49,CRC 0.00,CRC,1.00,2025-08-29 14:15:40
4198696000028559311,19 Aug 2025,00100001030000032285,Closed,"CRC 4,845.00","CRC 5,474.85",2025-08-19 17:56:30,CRC 0.00,CRC,1.00,2025-08-29 13:48:49
4198696000028752612,22 Aug 2025,00100001030000032357,Closed,"CRC 5,355.00","CRC 6,051.15",2025-08-22 10:41:32,CRC 0.00,CRC,1.00,2025-08-29 14:03:04
4198696000028611908,21 Aug 2025,00100002030000007656,Closed,"CRC 42,120.00","CRC 47,595.60",2025-08-20 13:24:30,CRC 0.00,CRC,1.00,2025-08-29 14:09:10
4198696000028752735,22 Aug 2025,00100001030000032358,Closed,"CRC 5,310.00","CRC 6,000.30",2025-08-22 10:57:45,CRC 0.00,CRC,1.00,2025-08-29 14:06:17
4198696000028731593,21 Aug 2025,00100002030000007654,Closed,"CRC 16,830.00","CRC 19,017.90",2025-08-21 17:24:08,CRC 0.00,CRC,1.00,2025-08-29 14:09:22
4198696000028927640,21 Aug 2025,00100007030000004932,Closed,"CRC 5,148.00","CRC 5,817.24",2025-08-25 14:23:17,CRC 0.00,CRC,1.00,2025-08-29 12:56:50
4198696000029010079,27 Aug 2025,00100001030000030967,Closed,"CRC 11,229.97","CRC 12,689.87",2025-08-27 12:00:13,CRC 0.00,CRC,1.00,2025-08-29 14:37:08
4198696000028507023,20 Aug 2025,00100001030000030901,Closed,"CRC 20,938.72","CRC 23,660.75",2025-08-19 10:19:28,CRC 0.00,CRC,1.00,2025-08-29 14:35:59
4198696000028023871,11 Aug 2025,00100001030000030727,Closed,"CRC 29,248.12","CRC 33,050.38",2025-08-08 09:43:22,CRC 0.00,CRC,1.00,2025-08-29 14:36:42
4198696000020426687,26 Mar 2025,00100001030000007481,Closed,"CRC 13,095.17","CRC 14,797.54",2025-03-27 09:57:15,CRC 0.00,CRC,1.00,2025-09-02 13:41:09
4198696000021997508,23 Apr 2025,00100001030000007567,Closed,"CRC 37,887.10","CRC 42,812.42",2025-04-23 16:31:07,CRC 0.00,CRC,1.00,2025-09-02 13:41:29
4198696000026806721,18 Jul 2025,00200001030000005500,Open,"CRC 54,371.42","CRC 61,439.70",2025-07-18 16:48:43,"CRC 50,066.58",CRC,1.00,2025-09-02 13:40:00
4198696000027653286,01 Jul 2025,00100001030000007880,Closed,"CRC 14,114.07","CRC 15,948.90",2025-08-01 17:04:23,CRC 0.00,CRC,1.00,2025-09-02 13:41:50
4198696000028104088,12 Aug 2025,00100001030000019447,Open,"CRC 18,500.00","CRC 20,905.00",2025-08-11 14:15:32,"CRC 20,905.00",CRC,1.00,2025-09-02 14:48:57
4198696000028752559,27 Aug 2025,00100001030000018084,Closed,"CRC 4,800.00","CRC 5,424.00",2025-08-22 10:32:54,CRC 0.00,CRC,1.00,2025-09-10 23:06:10
4198696000029321913,26 Aug 2025,00100029030000004967,Closed,"CRC 3,841.87","CRC 4,341.31",2025-09-02 09:51:23,CRC 0.00,CRC,1.00,2025-09-10 22:49:43
4198696000029278306,20 Aug 2025,00100001030000018010,Closed,"CRC 35,200.00","CRC 39,776.00",2025-09-01 10:18:08,CRC 0.00,CRC,1.00,2025-09-10 23:07:01
4198696000028986339,28 Aug 2025,00100001030000032454,Closed,"CRC 6,417.50","CRC 7,251.78",2025-08-26 17:29:22,CRC 0.00,CRC,1.00,2025-09-10 23:11:33
4198696000029017632,04 Sep 2025,00100002030000007744,Closed,"CRC 110,000.00","CRC 124,300.00",2025-08-27 16:20:31,CRC 0.00,CRC,1.00,2025-09-12 18:03:50
4198696000028995996,04 Sep 2025,00100001030000018170,Closed,CRC 960.00,"CRC 1,084.80",2025-08-27 11:53:24,CRC 0.00,CRC,1.00,2025-09-25 22:36:17
4198696000030200115,12 Sep 2025,00100001030000006084,Closed,"CRC 21,165.00","CRC 23,916.45",2025-09-12 13:45:19,CRC 0.00,CRC,1.00,2025-09-25 22:24:08
4198696000030018568,10 Sep 2025,00100001030000032712,Closed,"CRC 18,232.50","CRC 20,602.73",2025-09-10 15:43:45,CRC 0.00,CRC,1.00,2025-09-25 22:51:02
4198696000029906185,11 Sep 2025,00100011030000013971,Closed,"CRC 10,932.39","CRC 12,353.60",2025-09-08 12:07:49,CRC 0.00,CRC,1.00,2025-09-25 22:21:54
4198696000030710237,19 Sep 2025,NC 00100001030000031352,Closed,"CRC 19,172.80","CRC 21,665.26",2025-09-19 10:29:00,CRC 0.00,CRC,1.00,2025-09-28 23:10:40
4198696000030230917,16 Sep 2025,00100001030000031303,Closed,"CRC 41,020.20","CRC 46,352.83",2025-09-16 13:12:47,CRC 0.00,CRC,1.00,2025-09-28 23:06:23
4198696000030882508,22 Sep 2025,CN 00100001030000011353,Closed,"CRC 13,274.34","CRC 15,000.00",2025-09-22 13:27:27,CRC 0.00,CRC,1.00,2025-10-03 12:59:03
4198696000030202890,12 Sep 2025,0000396785,Closed,"CRC 22,525.00","CRC 25,453.25",2025-09-16 09:31:35,CRC 0.00,CRC,1.00,2025-10-12 16:14:15
4198696000031073427,24 Sep 2025,00100001030000031451,Closed,"CRC 23,536.39","CRC 26,596.12",2025-09-24 12:15:08,CRC 0.00,CRC,1.00,2025-10-16 20:31:42
4198696000031553857,02 Oct 2025,00100001030000031555,Closed,"CRC 12,210.82","CRC 13,798.23",2025-10-02 13:40:40,CRC 0.00,CRC,1.00,2025-10-16 20:29:51
4198696000030202967,16 Sep 2025,00100001030000033009,Closed,"CRC 6,035.00","CRC 6,819.55",2025-09-16 09:54:40,CRC 0.00,CRC,1.00,2025-10-16 20:03:46
4198696000031243978,26 Sep 2025,NC 00100001030000006112,Closed,"CRC 21,900.00","CRC 24,747.00",2025-09-26 15:57:26,CRC 0.00,CRC,1.00,2025-10-16 19:41:16
4198696000031873418,13 Oct 2025,00100001030000031698,Closed,"CRC 11,921.30","CRC 13,471.07",2025-10-08 16:03:37,CRC 0.00,CRC,1.00,2025-10-16 20:30:31
4198696000031080936,24 Sep 2025,00100001030000004560,Closed,"CRC 46,161.50","CRC 52,162.50",2025-09-24 13:44:29,CRC 0.00,CRC,1.00,2025-10-16 19:52:38
4198696000031760090,06 Oct 2025,FNC-00100001010000494900,Closed,"CRC 12,396.00","CRC 14,007.48",2025-10-06 16:49:04,CRC 0.00,CRC,1.00,2025-10-16 20:07:21
4198696000031164490,25 Sep 2025,00100001030000004564,Closed,"CRC 31,105.60","CRC 35,149.33",2025-09-25 13:36:42,CRC 0.00,CRC,1.00,2025-10-16 19:51:04
4198696000031873081,08 Oct 2025,00100001030000033274,Closed,"CRC 19,600.00","CRC 22,148.00",2025-10-08 14:38:40,CRC 0.00,CRC,1.00,2025-10-16 20:06:19
4198696000032250169,14 Oct 2025,FNC-00100059010000139307 / 00005143,Closed,"CRC 23,206.50","CRC 26,223.34",2025-10-14 13:29:17,CRC 0.00,CRC,1.00,2025-10-21 12:40:26
4198696000032250918,14 Oct 2025,NC-00100001030000018624 / 99078,Closed,"CRC 79,200.00","CRC 89,496.00",2025-10-14 15:39:07,CRC 0.00,CRC,1.00,2025-10-21 11:43:02
4198696000032250883,14 Oct 2025,REFUNDED IN CASH NC-00100001030000019766,Closed,"CRC 20,000.00","CRC 22,600.00",2025-10-14 15:38:01,CRC 0.00,CRC,1.00,2025-10-23 18:15:15
4198696000031553593,02 Oct 2025,NC- 00100001030000019702,Closed,"CRC 18,000.00","CRC 20,340.00",2025-10-02 13:12:20,CRC 0.00,CRC,1.00,2025-10-24 10:13:22
4198696000019778963,13 Mar 2025,USED 00100001030000017870,Closed,"CRC 27,337.50","CRC 30,891.38",2025-03-13 15:32:33,CRC 0.00,CRC,1.00,2025-10-27 14:34:18
4198696000033152798,02 Oct 2025,5147516 Part 3,Closed,"CRC 111,779.23","CRC 126,310.48",2025-10-27 17:29:57,CRC 0.00,USD,504.03,2025-10-27 17:38:44
4198696000031773425,07 Oct 2025,NC-00100002030000007993/54855,Closed,"CRC 14,098.00","CRC 15,930.74",2025-10-07 10:40:37,CRC 0.00,CRC,1.00,2025-10-28 08:32:52
4198696000031873453,08 Oct 2025,FNC-042236 / 592305,Void,"CRC 38,937.61","CRC 43,999.50",2025-10-08 16:07:37,"CRC 43,999.50",CRC,1.00,2025-10-29 10:15:14
4198696000025538047,26 Jun 2025,00200001030000005393,Closed,"CRC 42,745.10","CRC 48,301.96",2025-06-27 17:47:38,CRC 0.00,CRC,1.00,2025-10-31 12:36:43
4198696000017627920,06 Feb 2025,00100001030000015830,Closed,"CRC 4,960.00","CRC 5,604.80",2025-02-06 17:15:19,CRC 0.00,CRC,1.00,2025-11-04 16:30:26
4198696000017627885,06 Feb 2025,00100001030000015831,Closed,"CRC 8,240.00","CRC 9,311.20",2025-02-06 17:13:36,CRC 0.00,CRC,1.00,2025-11-04 16:30:47
4198696000028964051,01 Sep 2025,NC-00100001030000033584,Closed,"CRC 23,375.00","CRC 26,413.75",2025-08-26 10:44:01,CRC 0.00,CRC,1.00,2025-11-05 08:07:03
4198696000031873732,09 Oct 2025,NC-00100001030000033585/ 20271,Closed,"CRC 14,800.00","CRC 16,724.00",2025-10-09 10:12:57,CRC 0.00,CRC,1.00,2025-11-05 08:07:42
4198696000033356125,31 Oct 2025,NC-00100001030000018773 /98528,Closed,"CRC 81,600.00","CRC 92,208.00",2025-10-31 09:32:51,CRC 0.00,CRC,1.00,2025-11-05 07:34:51
4198696000032207891,13 Oct 2025,NC-00100001030000018571,Open,"CRC 4,256.00","CRC 4,809.28",2025-10-13 13:38:05,"CRC 4,809.28",CRC,1.00,2025-11-05 11:05:38
4198696000033565231,04 Nov 2025,NC-00100001030000032078 /N042778,Closed,"CRC 16,690.35","CRC 18,860.10",2025-11-04 12:44:10,CRC 0.00,CRC,1.00,2025-11-06 15:17:09
4198696000033376330,30 Oct 2025,42764 GARANTIA DEVUELTA,Void,"CRC 23,501.98","CRC 26,557.24",2025-10-30 10:29:03,"CRC 26,557.24",CRC,1.00,2025-11-07 09:36:23
4198696000033522284,03 Nov 2025,N0098532 / NC-00100001030000018807,Closed,"CRC 48,000.00","CRC 54,240.00",2025-11-03 10:38:33,CRC 0.00,CRC,1.00,2025-11-07 12:02:14
4198696000033597451,05 Nov 2025,N 042688 / NC-00100001030000032091,Open,"CRC 107,438.30","CRC 121,405.28",2025-11-05 16:51:47,"CRC 121,405.28",CRC,1.00,2025-11-08 10:07:55
4198696000033597414,05 Nov 2025,N 042689/ NC-00100001030000032092,Open,"CRC 24,760.28","CRC 27,979.12",2025-11-05 16:50:03,"CRC 27,979.12",CRC,1.00,2025-11-08 10:08:48
