Invoice ID,Last Modified Time
4198696000013037137,2024-11-28 13:59:58
4198696000013451234,2024-12-06 14:08:27
4198696000013451453,2024-12-06 16:14:00
4198696000016383263,2025-01-24 17:04:54
4198696000016436010,2025-01-24 16:29:33
4198696000016436174,2025-01-29 17:27:59
4198696000016629047,2025-01-27 15:22:09
4198696000016585733,2025-01-27 18:03:12
4198696000016601093,2025-01-27 17:50:14
4198696000016910026,2025-01-31 09:38:28
4198696000016963230,2025-01-30 14:45:28
4198696000016979049,2025-03-14 15:45:21
4198696000017051001,2025-03-14 15:46:44
4198696000017173063,2025-02-07 14:11:46
4198696000018492017,2025-02-20 13:45:04
4198696000018507347,2025-02-24 16:13:49
4198696000018755048,2025-02-26 10:04:28
4198696000018800047,2025-02-27 09:44:32
4198696000018916102,2025-03-11 17:06:40
4198696000019388113,2025-03-10 13:33:55
4198696000019469011,2025-04-01 12:29:30
4198696000019715018,2025-03-18 08:54:44
4198696000019832301,2025-03-18 09:23:16
4198696000019838305,2025-03-17 15:48:43
4198696000019881225,2025-03-25 16:38:34
4198696000019969083,2025-03-19 15:46:01
4198696000020008021,2025-03-19 11:54:29
4198696000020057308,2025-03-21 18:37:56
4198696000020057128,2025-03-21 18:55:29
4198696000020128128,2025-04-25 16:39:27
4198696000020128205,2025-04-14 16:23:19
4198696000020271032,2025-03-25 12:57:56
4198696000020271075,2025-03-31 12:53:19
4198696000020273181,2025-03-25 15:21:38
4198696000020388154,2025-03-31 11:50:21
4198696000020394405,2025-03-28 17:03:50
4198696000020659011,2025-04-02 17:57:42
4198696000021053163,2025-04-07 14:14:40
4198696000021053024,2025-05-08 09:39:15
4198696000021083015,2025-04-08 10:06:02
4198696000021083076,2025-04-08 12:46:55
4198696000021220034,2025-04-09 12:48:57
4198696000021289137,2025-04-15 11:38:22
4198696000021497001,2025-04-15 16:38:20
4198696000021497093,2025-04-22 10:02:56
4198696000021842019,2025-04-23 09:33:01
4198696000021788095,2025-04-21 13:32:03
4198696000021842272,2025-04-23 17:26:12
4198696000022099081,2025-04-24 15:08:28
4198696000022099340,2025-04-25 15:46:58
4198696000022099371,2025-04-25 16:57:50
4198696000022099455,2025-04-29 13:08:30
4198696000022350027,2025-04-29 12:29:34
4198696000022412151,2025-04-30 15:23:24
4198696000022821077,2025-05-14 11:18:28
4198696000022821183,2025-05-07 17:58:03
4198696000022720114,2025-05-06 16:38:09
4198696000022720205,2025-05-06 14:41:36
4198696000022880674,2025-06-18 12:46:58
4198696000022880737,2025-05-09 12:02:03
4198696000022880943,2025-05-09 14:40:13
4198696000022989091,2025-05-13 15:37:11
4198696000022975145,2025-05-13 15:31:42
4198696000023037096,2025-05-13 12:53:17
4198696000023030130,2025-05-15 13:45:24
4198696000023030163,2025-05-13 16:39:02
4198696000023106080,2025-05-14 13:35:17
4198696000023328001,2025-05-16 10:43:14
4198696000023328241,2025-05-19 17:27:01
4198696000023493063,2025-05-22 12:26:30
4198696000023521062,2025-05-22 11:02:52
4198696000023337662,2025-05-21 14:37:08
4198696000023337547,2025-05-21 12:55:43
4198696000023337589,2025-05-21 13:16:54
4198696000023597115,2025-05-23 15:57:31
4198696000023844124,2025-05-29 13:42:07
4198696000023844035,2025-05-29 13:06:07
4198696000023952582,2025-06-03 12:54:30
4198696000023952613,2025-06-03 12:04:48
4198696000023952796,2025-06-03 16:30:37
4198696000024224005,2025-06-05 10:11:39
4198696000024240084,2025-06-05 12:32:31
4198696000024224150,2025-06-05 17:45:10
4198696000024224213,2025-06-06 11:59:40
4198696000024289018,2025-06-06 09:17:55
4198696000024294117,2025-06-06 16:50:03
4198696000024294459,2025-06-09 13:38:39
4198696000024294498,2025-06-09 14:10:53
4198696000024294655,2025-06-09 17:39:10
4198696000024365089,2025-06-10 12:22:40
4198696000024377009,2025-06-10 14:39:21
4198696000024503016,2025-06-11 11:34:43
4198696000024565087,2025-06-12 10:51:29
4198696000024565302,2025-06-12 14:00:34
4198696000024565366,2025-06-12 13:24:52
4198696000024650063,2025-06-13 16:57:14
4198696000024763043,2025-06-17 12:31:51
4198696000024771147,2025-06-20 16:01:07
4198696000025032058,2025-06-20 17:38:43
4198696000024763391,2025-06-18 11:05:36
4198696000024763418,2025-06-18 11:22:10
4198696000025032168,2025-06-20 15:38:30
4198696000024894019,2025-06-18 11:38:50
4198696000024894516,2025-06-20 10:47:34
4198696000024894310,2025-06-20 09:53:14
4198696000024894425,2025-06-19 16:55:38
4198696000024771326,2025-06-24 17:22:53
4198696000025285280,2025-06-26 15:25:43
4198696000024135066,2025-06-28 10:30:29
4198696000025558039,2025-06-28 11:07:38
4198696000025558011,2025-06-28 12:33:08
4198696000025823147,2025-07-03 10:24:06
4198696000025924083,2025-07-04 17:23:15
4198696000021219109,2025-07-07 13:42:44
4198696000026281220,2025-07-10 12:30:35
4198696000026418134,2025-07-12 12:30:11
4198696000026486031,2025-07-14 10:27:59
4198696000026486232,2025-07-15 10:18:36
4198696000026601185,2025-07-16 13:29:58
4198696000026704246,2025-07-17 11:05:01
4198696000026704033,2025-07-17 10:27:50
4198696000026704451,2025-07-17 15:10:52
4198696000026704484,2025-07-18 13:05:01
4198696000026704094,2025-07-18 11:02:54
4198696000026704658,2025-07-18 15:39:40
4198696000026704597,2025-07-18 17:03:06
4198696000026843216,2025-07-21 16:41:56
4198696000026704573,2025-07-22 09:36:55
4198696000026843339,2025-07-22 12:44:39
4198696000026843486,2025-07-22 14:14:00
4198696000026843529,2025-07-22 17:06:53
4198696000026996102,2025-07-23 14:38:35
4198696000026996188,2025-07-23 14:32:31
4198696000027097046,2025-07-24 12:29:50
4198696000027192046,2025-07-26 10:18:51
4198696000027192309,2025-07-28 16:00:55
4198696000027280007,2025-07-29 09:06:57
4198696000027280076,2025-07-29 14:07:29
4198696000027315007,2025-07-30 09:10:49
4198696000027350196,2025-07-31 13:28:44
4198696000027579183,2025-08-01 15:49:13
4198696000027707090,2025-08-04 11:12:34
4198696000027841299,2025-08-05 15:28:25
4198696000027707200,2025-08-06 09:21:57
4198696000027933022,2025-08-06 12:28:50
4198696000027933211,2025-08-06 13:47:23
4198696000027933155,2025-08-06 15:15:17
4198696000027988007,2025-08-07 09:49:12
4198696000027987243,2025-08-07 16:39:07
4198696000027987356,2025-08-08 11:15:00
4198696000027987691,2025-08-09 11:28:35
4198696000027971176,2025-08-11 09:04:54
4198696000028167075,2025-08-12 10:58:06
4198696000028064245,2025-08-12 11:43:43
4198696000028064304,2025-08-12 11:39:41
4198696000028235029,2025-08-13 10:25:28
4198696000028277045,2025-08-13 15:38:27
4198696000028614235,2025-08-20 14:38:04
4198696000028614299,2025-08-21 13:01:10
4198696000028773866,2025-08-22 17:08:44
4198696000028911206,2025-08-25 15:35:18
4198696000028911152,2025-08-25 14:51:35
4198696000028911316,2025-08-26 10:38:17
4198696000028911346,2025-08-26 10:21:21
4198696000028911413,2025-08-26 11:03:07
4198696000028911537,2025-08-27 11:58:54
4198696000028911793,2025-08-27 16:22:06
4198696000029024123,2025-08-28 17:16:26
4198696000029852379,2025-09-18 14:49:49
4198696000029024226,2025-09-18 19:46:02
4198696000029268100,2025-09-20 08:53:10
4198696000029770105,2025-09-20 17:54:23
4198696000029770033,2025-09-20 17:53:31
4198696000030149066,2025-09-21 09:31:24
4198696000030149406,2025-09-21 11:22:39
4198696000030713697,2025-09-21 17:29:41
4198696000030149160,2025-09-22 08:40:25
4198696000030713319,2025-09-22 14:57:51
4198696000030800689,2025-09-22 15:52:17
4198696000031017105,2025-09-24 17:38:11
4198696000031017235,2025-09-25 12:55:09
4198696000031017189,2025-09-25 12:15:14
4198696000031492059,2025-10-03 10:21:33
4198696000031492158,2025-10-03 10:31:46
4198696000031492089,2025-10-03 10:21:39
4198696000031492205,2025-10-03 11:08:53
4198696000031512162,2025-10-07 09:54:07
4198696000031817562,2025-10-08 15:01:12
4198696000031817832,2025-10-13 16:32:01
4198696000032182509,2025-10-14 11:13:31
4198696000032144001,2025-10-14 15:02:36
4198696000032182564,2025-10-15 12:27:06
4198696000032182846,2025-10-15 19:05:29
4198696000032361243,2025-10-17 12:13:00
4198696000032361603,2025-10-17 10:56:30
4198696000032361063,2025-10-17 12:11:54
4198696000032361423,2025-10-17 12:09:39
4198696000032361153,2025-10-17 12:13:24
4198696000032361513,2025-10-17 12:08:13
4198696000032361333,2025-10-17 12:12:24
4198696000032423089,2025-10-17 15:17:52
4198696000030800973,2025-10-17 19:54:59
4198696000032182115,2025-10-17 19:54:59
4198696000032042069,2025-10-17 19:54:59
4198696000032423170,2025-10-18 11:25:41
4198696000032803003,2025-10-21 10:11:35
4198696000032925067,2025-10-22 15:04:29
4198696000032362195,2025-10-22 15:42:42
4198696000032989074,2025-10-23 12:24:53
4198696000033022387,2025-10-24 10:49:32
4198696000033022836,2025-10-24 10:49:10
4198696000033101040,2025-10-25 11:45:30
4198696000033327005,2025-10-29 10:54:56
4198696000033324202,2025-10-29 17:42:29
4198696000033327287,2025-10-30 16:20:09
4198696000031512192,2025-10-31 09:51:44
4198696000033523160,2025-11-03 14:16:17
4198696000033523097,2025-11-03 13:29:18
4198696000033523325,2025-11-04 14:43:15
4198696000033523547,2025-11-04 17:13:35
4198696000033523744,2025-11-05 15:58:12
4198696000033523485,2025-11-05 16:26:22
4198696000033523815,2025-11-05 16:48:39
4198696000034093079,2025-11-06 12:18:14
4198696000033523939,2025-11-06 10:31:48
4198696000033327121,2025-11-06 15:30:55
4198696000034093174,2025-11-06 17:13:59
4198696000033523634,2025-11-07 09:46:53
4198696000034311165,2025-11-07 17:08:00
