Payment Refund ID,Payment ID,Refund Date,Refund Mode,Refund From Account,Amount (BCY),Reference Number,Exchange Rate,Created Time,Last Modified Time
4198696000004575003,4198696000004545985,06 Apr 2024,Efectivo/Cash,4198696000000418009,"CRC 2,500.00",2024040515183010548805411,CRC 1.00,2024-04-06 09:31:58,2024-04-06 09:31:58
4198696000005563953,4198696000005563767,16 May 2024,Efectivo/Cash,4198696000000418009,"CRC 2,000.00",,CRC 1.00,2024-05-16 15:55:41,2024-05-16 15:55:41
4198696000006148545,4198696000006148505,04 Jun 2024,Efectivo/Cash,4198696000000418009,"CRC 1,180.00",,CRC 1.00,2024-06-04 17:47:19,2024-06-04 17:47:19
4198696000006691437,4198696000006495006,21 Jun 2024,SINPE,4198696000000375167,"CRC 1,500.00",,CRC 1.00,2024-06-21 16:19:45,2024-06-21 16:19:45
4198696000006551230,4198696000006506100,14 Jun 2024,SINPE,4198696000000375167,CRC 800.00,,CRC 1.00,2024-06-14 16:27:17,2024-06-14 16:27:17
4198696000006608567,4198696000006608043,18 Jun 2024,SINPE,4198696000000375167,"CRC 1,200.00",,CRC 1.00,2024-06-18 16:04:35,2024-06-18 16:04:35
4198696000006691457,4198696000006675453,21 Jun 2024,SINPE,4198696000000375167,"CRC 2,500.00",,CRC 1.00,2024-06-21 16:20:17,2024-06-21 16:20:17
4198696000006687633,4198696000006687593,19 Jun 2024,Efectivo/Cash,4198696000000418009,"CRC 2,800.00",,CRC 1.00,2024-06-19 14:56:56,2024-06-19 14:56:56
4198696000006691680,4198696000006698242,22 Jun 2024,SINPE,4198696000000375167,"CRC 1,000.00",,CRC 1.00,2024-06-22 09:04:51,2024-06-22 09:04:51
4198696000007281019,4198696000007256181,11 Jul 2024,SINPE,4198696000000375167,"CRC 1,900.00",,CRC 1.00,2024-07-11 09:17:21,2024-07-11 09:17:21
4198696000007292211,4198696000007281222,11 Jul 2024,Efectivo/Cash,4198696000000298225,CRC 100.00,,CRC 1.00,2024-07-11 16:40:47,2024-07-11 16:40:47
4198696000007418686,4198696000007342661,15 Jul 2024,SINPE,4198696000000375167,"CRC 1,780.00",,CRC 1.00,2024-07-15 11:43:10,2024-07-15 11:43:10
4198696000007440208,4198696000007418646,15 Jul 2024,SINPE,4198696000000375167,"CRC 2,895.00",,CRC 1.00,2024-07-15 14:47:13,2024-07-15 14:47:13
4198696000008431854,4198696000008007429,13 Aug 2024,Bank Payment - Other,4198696000000000361,"CRC 29,500.00",2024080115283004947098608,CRC 1.00,2024-08-13 17:31:55,2024-08-13 17:31:55
4198696000010316154,4198696000009955477,02 Oct 2024,Remesa bancaria - BNCR Colones,4198696000000375167,"CRC 1,000.00",,CRC 1.00,2024-10-02 10:19:16,2024-10-02 10:19:16
4198696000010037535,4198696000009989045,26 Sep 2024,SINPE,4198696000000375167,"CRC 1,000.00",,CRC 1.00,2024-09-26 12:45:26,2024-09-26 12:45:26
4198696000010547505,4198696000010522291,07 Oct 2024,Efectivo/Cash,4198696000000418009,CRC 200.00,,CRC 1.00,2024-10-07 16:44:07,2024-10-07 16:44:07
4198696000010547627,4198696000010547565,07 Oct 2024,SINPE,4198696000000375167,"CRC 3,000.00",,CRC 1.00,2024-10-07 16:55:29,2024-10-07 16:55:29
4198696000010598187,4198696000010598125,09 Oct 2024,SINPE,4198696000000375167,"CRC 1,000.00",,CRC 1.00,2024-10-09 09:42:55,2024-10-09 09:42:55
4198696000010619737,4198696000010619693,09 Oct 2024,Efectivo/Cash,4198696000000418009,CRC 50.00,,CRC 1.00,2024-10-09 17:08:36,2024-10-09 17:08:36
4198696000010693146,4198696000010638370,11 Oct 2024,Efectivo/Cash,4198696000000418009,CRC 500.00,,CRC 1.00,2024-10-11 10:26:40,2024-10-11 10:26:40
4198696000010693200,4198696000010638388,11 Oct 2024,Efectivo/Cash,4198696000000418009,CRC 400.00,,CRC 1.00,2024-10-11 10:39:37,2024-10-11 10:39:37
4198696000011637527,4198696000010663174,01 Nov 2024,Efectivo/Cash,4198696000000418009,CRC 277.50,,CRC 1.00,2024-11-01 15:35:44,2024-11-01 15:35:44
4198696000010850389,4198696000010752037,16 Oct 2024,SINPE,4198696000000375167,"CRC 1,800.00",,CRC 1.00,2024-10-16 10:16:47,2024-10-16 10:16:47
4198696000010954747,4198696000010850223,18 Oct 2024,SINPE,4198696000000375167,"CRC 1,000.00",,CRC 1.00,2024-10-18 12:08:56,2024-10-18 12:08:56
4198696000010954641,4198696000010850327,18 Oct 2024,SINPE,4198696000000375167,"CRC 3,000.00",,CRC 1.00,2024-10-18 12:06:26,2024-10-18 12:06:26
4198696000010954701,4198696000010850869,18 Oct 2024,SINPE,4198696000000375167,"CRC 1,000.00",,CRC 1.00,2024-10-18 12:08:03,2024-10-18 12:08:03
4198696000010866193,4198696000010866131,16 Oct 2024,Efectivo/Cash,4198696000000418009,"CRC 1,000.00",,CRC 1.00,2024-10-16 15:16:01,2024-10-16 15:16:01
4198696000010954681,4198696000010916751,18 Oct 2024,SINPE,4198696000000375167,"CRC 1,500.00",,CRC 1.00,2024-10-18 12:07:35,2024-10-18 12:07:35
4198696000010954661,4198696000010945009,18 Oct 2024,SINPE,4198696000000375167,"CRC 3,299.99",,CRC 1.00,2024-10-18 12:07:09,2024-10-18 12:07:09
4198696000011156549,4198696000011088174,22 Oct 2024,SINPE,4198696000000375167,CRC 500.00,,CRC 1.00,2024-10-22 14:18:51,2024-10-22 14:18:51
4198696000011156569,4198696000011088338,22 Oct 2024,SINPE,4198696000000375167,"CRC 3,000.00",,CRC 1.00,2024-10-22 14:19:39,2024-10-22 14:19:39
4198696000011637547,4198696000011119263,01 Nov 2024,Efectivo/Cash,4198696000000418009,CRC 100.00,,CRC 1.00,2024-11-01 15:36:07,2024-11-01 15:36:07
4198696000011156809,4198696000011119323,22 Oct 2024,SINPE,4198696000000375167,"CRC 3,000.00",,CRC 1.00,2024-10-22 15:36:44,2024-10-22 15:36:44
4198696000011276051,4198696000011156413,24 Oct 2024,SINPE,4198696000000375167,"CRC 4,000.00",,CRC 1.00,2024-10-24 15:50:23,2024-10-24 15:50:23
4198696000011156789,4198696000011156487,22 Oct 2024,SINPE,4198696000000375167,"CRC 2,500.00",,CRC 1.00,2024-10-22 15:22:58,2024-10-22 15:22:58
4198696000011637627,4198696000011156861,01 Nov 2024,Efectivo/Cash,4198696000000418009,"CRC 1,500.00",,CRC 1.00,2024-11-01 15:37:45,2024-11-01 15:37:45
4198696000011276071,4198696000011208491,24 Oct 2024,SINPE,4198696000000375167,"CRC 2,900.00",,CRC 1.00,2024-10-24 15:51:28,2024-10-24 15:51:28
4198696000011276091,4198696000011208873,24 Oct 2024,SINPE,4198696000000375167,"CRC 3,000.00",,CRC 1.00,2024-10-24 15:52:08,2024-10-24 15:52:08
4198696000011407099,4198696000011263441,25 Oct 2024,SINPE,4198696000000375167,"CRC 1,700.00",,CRC 1.00,2024-10-28 09:39:46,2024-10-28 09:39:46
4198696000011407079,4198696000011334323,25 Oct 2024,SINPE,4198696000000375167,"CRC 2,700.00",,CRC 1.00,2024-10-28 09:38:15,2024-10-28 09:38:15
4198696000011541251,4198696000011367324,30 Oct 2024,SINPE,4198696000000375167,"CRC 3,000.00",,CRC 1.00,2024-10-30 14:34:48,2024-10-30 14:34:48
4198696000011419349,4198696000011419309,28 Oct 2024,Efectivo/Cash,4198696000000418009,"CRC 7,237.00",,CRC 1.00,2024-10-28 17:19:20,2024-10-28 17:19:20
4198696000011637567,4198696000011490831,01 Nov 2024,Efectivo/Cash,4198696000000418009,CRC 45.00,,CRC 1.00,2024-11-01 15:36:28,2024-11-01 15:36:28
4198696000011637587,4198696000011626382,01 Nov 2024,Efectivo/Cash,4198696000000418009,CRC 50.00,,CRC 1.00,2024-11-01 15:36:54,2024-11-01 15:36:54
4198696000011637607,4198696000011637299,01 Nov 2024,Efectivo/Cash,4198696000000418009,CRC 25.00,,CRC 1.00,2024-11-01 15:37:20,2024-11-01 15:37:20
4198696000011747534,4198696000011637393,04 Nov 2024,SINPE,4198696000000375167,"CRC 4,000.00",,CRC 1.00,2024-11-04 17:45:04,2024-11-04 17:45:04
4198696000014223862,4198696000011637681,17 Dec 2024,Efectivo/Cash,4198696000000418009,CRC 500.00,,CRC 1.00,2024-12-17 11:12:49,2024-12-17 11:12:49
4198696000011747554,4198696000011668043,04 Nov 2024,SINPE,4198696000000375167,"CRC 1,600.00",,CRC 1.00,2024-11-04 17:45:30,2024-11-04 17:45:30
4198696000011747514,4198696000011698178,04 Nov 2024,SINPE,4198696000000375167,"CRC 1,700.00",,CRC 1.00,2024-11-04 17:44:41,2024-11-04 17:44:41
4198696000014223882,4198696000011747358,17 Dec 2024,Efectivo/Cash,4198696000000418009,"CRC 1,200.00",,CRC 1.00,2024-12-17 11:13:23,2024-12-17 11:13:23
4198696000014223902,4198696000011825502,17 Dec 2024,Efectivo/Cash,4198696000000418009,"CRC 1,500.00",,CRC 1.00,2024-12-17 11:13:44,2024-12-17 11:13:44
4198696000011910515,4198696000011855098,07 Nov 2024,SINPE,4198696000000375167,CRC 800.00,,CRC 1.00,2024-11-08 12:13:44,2024-11-08 12:13:44
4198696000011910535,4198696000011873591,07 Nov 2024,SINPE,4198696000000375167,"CRC 1,400.00",,CRC 1.00,2024-11-08 12:14:16,2024-11-08 12:14:16
4198696000011879609,4198696000011879141,07 Nov 2024,Efectivo/Cash,4198696000000418009,"CRC 49,200.00",,CRC 1.00,2024-11-07 16:15:01,2024-11-07 16:15:01
4198696000011879649,4198696000011879631,07 Nov 2024,SINPE,4198696000000375167,"CRC 49,200.00",,CRC 1.00,2024-11-07 17:19:52,2024-11-07 17:19:52
4198696000014223922,4198696000011910105,17 Dec 2024,Efectivo/Cash,4198696000000418009,CRC 500.00,,CRC 1.00,2024-12-17 11:14:07,2024-12-17 11:14:07
4198696000014223942,4198696000011910201,17 Dec 2024,Efectivo/Cash,4198696000000418009,CRC 500.00,,CRC 1.00,2024-12-17 11:14:27,2024-12-17 11:14:27
4198696000014223962,4198696000012088399,17 Dec 2024,Efectivo/Cash,4198696000000418009,"CRC 1,000.00",,CRC 1.00,2024-12-17 11:14:48,2024-12-17 11:14:48
4198696000012118172,4198696000012104283,13 Nov 2024,SINPE,4198696000000375167,"CRC 1,000.00",,CRC 1.00,2024-11-13 14:31:07,2024-11-13 14:31:07
4198696000012118192,4198696000012104559,13 Nov 2024,SINPE,4198696000000375167,"CRC 2,500.00",,CRC 1.00,2024-11-13 14:31:48,2024-11-13 14:31:48
4198696000014223982,4198696000012104879,17 Dec 2024,Efectivo/Cash,4198696000000418009,CRC 525.00,,CRC 1.00,2024-12-17 11:15:09,2024-12-17 11:15:09
4198696000012439722,4198696000012292589,19 Nov 2024,Efectivo/Cash,4198696000000418009,"CRC 1,100.00",,CRC 1.00,2024-11-19 15:45:16,2024-11-19 15:45:16
4198696000012451110,4198696000012380670,18 Nov 2024,SINPE,4198696000000375167,"CRC 2,000.00",,CRC 1.00,2024-11-19 09:29:29,2024-11-19 09:29:29
4198696000012380774,4198696000012380732,18 Nov 2024,Efectivo/Cash,4198696000000418009,"CRC 2,500.00",,CRC 1.00,2024-11-18 13:43:55,2024-11-18 13:43:55
4198696000012439702,4198696000012439640,19 Nov 2024,Efectivo/Cash,4198696000000418009,CRC 500.00,,CRC 1.00,2024-11-19 15:44:18,2024-11-19 15:44:18
4198696000012517204,4198696000012439997,20 Nov 2024,SINPE,4198696000000375167,"CRC 1,350.00",,CRC 1.00,2024-11-20 09:26:30,2024-11-20 09:26:30
4198696000014230002,4198696000012574523,17 Dec 2024,Efectivo/Cash,4198696000000418009,"CRC 1,000.00",,CRC 1.00,2024-12-17 11:15:32,2024-12-17 11:15:32
4198696000014230022,4198696000012613083,17 Dec 2024,Efectivo/Cash,4198696000000418009,"CRC 1,740.00",,CRC 1.00,2024-12-17 11:15:55,2024-12-17 11:15:55
4198696000012643318,4198696000012643300,21 Nov 2024,Efectivo/Cash,4198696000000418009,"CRC 5,000.00",,CRC 1.00,2024-11-21 14:22:30,2024-11-21 14:22:30
4198696000012840433,4198696000012840415,25 Nov 2024,Efectivo/Cash,4198696000000418009,"CRC 5,000.00",,CRC 1.00,2024-11-25 14:54:49,2024-11-25 14:54:49
4198696000014230042,4198696000012879160,17 Dec 2024,Efectivo/Cash,4198696000000418009,"CRC 1,000.00",,CRC 1.00,2024-12-17 11:16:24,2024-12-17 11:16:24
4198696000013368666,4198696000012949550,26 Nov 2024,Bank Payment - Other,4198696000000375167,"CRC 2,200.00",,CRC 1.00,2024-12-05 16:48:48,2024-12-05 16:48:48
4198696000014230062,4198696000013116424,17 Dec 2024,Efectivo/Cash,4198696000000418009,CRC 250.00,,CRC 1.00,2024-12-17 11:16:45,2024-12-17 11:16:45
4198696000013181135,4198696000013127194,29 Nov 2024,SINPE,4198696000000375167,"CRC 4,000.00",,CRC 1.00,2024-11-30 09:37:04,2024-11-30 09:37:04
4198696000014230082,4198696000013127644,17 Dec 2024,Efectivo/Cash,4198696000000418009,"CRC 3,000.00",,CRC 1.00,2024-12-17 11:18:42,2024-12-17 11:18:42
4198696000013294752,4198696000013224785,02 Dec 2024,SINPE,4198696000000375167,"CRC 2,300.00",,CRC 1.00,2024-12-02 17:35:33,2024-12-02 17:35:33
4198696000013383617,4198696000013337907,04 Dec 2024,SINPE,4198696000000375167,"CRC 2,700.00",,CRC 1.00,2024-12-04 17:51:02,2024-12-04 17:51:02
4198696000013337989,4198696000013337971,03 Dec 2024,Efectivo/Cash,4198696000000418009,CRC 200.00,,CRC 1.00,2024-12-03 14:05:08,2024-12-03 14:05:08
4198696000013383597,4198696000013369183,04 Dec 2024,SINPE,4198696000000375167,"CRC 1,000.00",,CRC 1.00,2024-12-04 17:50:36,2024-12-04 17:50:36
4198696000014230102,4198696000013392259,17 Dec 2024,Efectivo/Cash,4198696000000418009,"CRC 3,300.00",,CRC 1.00,2024-12-17 11:19:07,2024-12-17 11:19:07
4198696000014230122,4198696000013392301,17 Dec 2024,Efectivo/Cash,4198696000000418009,"CRC 1,000.00",,CRC 1.00,2024-12-17 11:19:26,2024-12-17 11:19:26
4198696000014230174,4198696000013405125,17 Dec 2024,Efectivo/Cash,4198696000000418009,"CRC 1,100.00",,CRC 1.00,2024-12-17 11:21:08,2024-12-17 11:21:08
4198696000014230194,4198696000013436789,17 Dec 2024,Efectivo/Cash,4198696000000418009,"CRC 3,000.00",,CRC 1.00,2024-12-17 11:21:29,2024-12-17 11:21:29
4198696000013486889,4198696000013486432,06 Dec 2024,Efectivo/Cash,4198696000000418009,CRC 190.00,,CRC 1.00,2024-12-06 15:07:46,2024-12-06 15:07:46
4198696000014230214,4198696000013486739,17 Dec 2024,Efectivo/Cash,4198696000000418009,CRC 700.00,,CRC 1.00,2024-12-17 11:21:47,2024-12-17 11:21:47
4198696000013693155,4198696000013569085,10 Dec 2024,SINPE,4198696000000375167,"CRC 1,000.00",,CRC 1.00,2024-12-10 16:22:17,2024-12-10 16:22:17
4198696000013693135,4198696000013582793,10 Dec 2024,SINPE,4198696000000375167,CRC 900.00,,CRC 1.00,2024-12-10 16:21:30,2024-12-10 16:21:30
4198696000013664885,4198696000013598686,10 Dec 2024,Efectivo/Cash,4198696000000418009,CRC 300.00,,CRC 1.00,2024-12-10 12:45:25,2024-12-10 12:45:25
4198696000013664835,4198696000013664109,10 Dec 2024,Efectivo/Cash,4198696000000418009,"CRC 10,000.00",,CRC 1.00,2024-12-10 12:43:13,2024-12-10 12:43:13
4198696000014230234,4198696000013889105,17 Dec 2024,Efectivo/Cash,4198696000000418009,"CRC 1,700.00",,CRC 1.00,2024-12-17 11:22:08,2024-12-17 11:22:08
4198696000014032171,4198696000014032099,13 Dec 2024,Efectivo/Cash,4198696000000418009,"CRC 3,000.00",,CRC 1.00,2024-12-13 11:16:55,2024-12-13 11:16:55
4198696000014348364,4198696000014069643,18 Dec 2024,SINPE,4198696000000375167,"CRC 1,600.00",,CRC 1.00,2024-12-19 09:47:00,2024-12-19 09:47:00
4198696000014230254,4198696000014105160,17 Dec 2024,Efectivo/Cash,4198696000000418009,"CRC 2,000.00",,CRC 1.00,2024-12-17 11:22:28,2024-12-17 11:22:28
4198696000014230274,4198696000014157517,17 Dec 2024,Efectivo/Cash,4198696000000418009,"CRC 1,600.00",,CRC 1.00,2024-12-17 11:22:45,2024-12-17 11:22:45
4198696000014285601,4198696000014236526,17 Dec 2024,SINPE,4198696000000375167,"CRC 1,000.00",,CRC 1.00,2024-12-18 11:44:39,2024-12-18 11:44:39
4198696000014572043,4198696000014313161,23 Dec 2024,SINPE,4198696000000375167,"CRC 3,200.00",,CRC 1.00,2024-12-24 09:07:43,2024-12-24 09:07:43
4198696000014572003,4198696000014313545,23 Dec 2024,SINPE,4198696000000375167,"CRC 3,000.00",,CRC 1.00,2024-12-24 09:06:31,2024-12-24 09:06:31
4198696000014572023,4198696000014481079,23 Dec 2024,SINPE,4198696000000375167,"CRC 3,000.00",,CRC 1.00,2024-12-24 09:07:07,2024-12-24 09:07:07
4198696000014814003,4198696000014810081,30 Dec 2024,SINPE,4198696000000375167,"CRC 2,300.00",,CRC 1.00,2024-12-30 12:35:53,2024-12-30 12:35:53
4198696000015257053,4198696000015257035,08 Jan 2025,SINPE,4198696000000375167,"CRC 32,400.00",,CRC 1.00,2025-01-08 14:55:42,2025-01-08 14:55:42
4198696000015404025,4198696000015257574,10 Jan 2025,SINPE,4198696000000375167,"CRC 3,700.00",,CRC 1.00,2025-01-10 12:29:02,2025-01-10 12:29:02
4198696000015389006,4198696000015314478,10 Jan 2025,Efectivo/Cash,4198696000000418009,CRC 300.00,,CRC 1.00,2025-01-10 12:00:31,2025-01-10 12:00:31
4198696000015404045,4198696000015320327,10 Jan 2025,SINPE,4198696000000375167,"CRC 1,500.00",,CRC 1.00,2025-01-10 12:29:33,2025-01-10 12:29:33
4198696000015713975,4198696000015534857,15 Jan 2025,SINPE,4198696000000375167,"CRC 1,000.00",,CRC 1.00,2025-01-15 15:47:54,2025-01-15 15:47:54
4198696000015713995,4198696000015693527,15 Jan 2025,SINPE,4198696000000375167,"CRC 2,000.00",,CRC 1.00,2025-01-15 15:48:36,2025-01-15 15:48:36
4198696000015722015,4198696000015713035,15 Jan 2025,SINPE,4198696000000375167,"CRC 1,025.00",,CRC 1.00,2025-01-15 15:49:19,2025-01-15 15:49:19
4198696000015722035,4198696000015713527,15 Jan 2025,SINPE,4198696000000375167,"CRC 1,300.00",,CRC 1.00,2025-01-15 15:49:59,2025-01-15 15:49:59
4198696000015722055,4198696000015713634,15 Jan 2025,SINPE,4198696000000375167,"CRC 1,400.00",,CRC 1.00,2025-01-15 15:50:52,2025-01-15 15:50:52
4198696000016030448,4198696000016030384,20 Jan 2025,Efectivo/Cash,4198696000000418009,"CRC 4,400.00",,CRC 1.00,2025-01-20 10:33:24,2025-01-20 10:33:24
4198696000016159415,4198696000015092134,06 Jan 2025,Remesa bancaria - BNCR Colones,4198696000000375167,"CRC 1,000.00",,CRC 1.00,2025-01-21 14:16:13,2025-01-21 14:16:29
4198696000016218097,4198696000016218057,22 Jan 2025,Efectivo/Cash,4198696000000418009,"CRC 1,000.00",,CRC 1.00,2025-01-22 10:01:36,2025-01-22 10:01:36
4198696000016615047,4198696000015404889,10 Jan 2025,Remesa bancaria - BNCR Colones,4198696000000375167,"CRC 26,400.00",,CRC 1.00,2025-01-27 12:44:43,2025-01-27 12:44:43
4198696000016630959,4198696000016630897,27 Jan 2025,Efectivo/Cash,4198696000000418009,"CRC 4,020.00",,CRC 1.00,2025-01-27 15:43:26,2025-01-27 15:43:26
4198696000016861094,4198696000016861054,17 Jan 2025,BNCR Colones,4198696000000375167,"CRC 56,000.00",,CRC 1.00,2025-01-29 17:28:13,2025-01-29 17:28:13
4198696000016953111,4198696000015230813,30 Jan 2025,SINPE,4198696000000375167,CRC 50.00,,CRC 1.00,2025-01-30 17:04:59,2025-01-30 17:04:59
4198696000017016185,4198696000017006070,31 Jan 2025,SINPE,4198696000000375167,"CRC 6,000.00",98203584,CRC 1.00,2025-01-31 17:32:01,2025-01-31 17:32:01
4198696000017574379,4198696000017520388,06 Feb 2025,SINPE,4198696000000375167,"CRC 4,000.00",,CRC 1.00,2025-02-06 13:40:50,2025-02-06 13:40:50
4198696000017725309,4198696000017520009,10 Feb 2025,BNCR Colones,4198696000000375167,"CRC 30,000.00",2025020510283005963461063,CRC 1.00,2025-02-10 10:50:06,2025-02-25 13:33:08
4198696000017783405,4198696000015306151,11 Feb 2025,Efectivo/Cash,4198696000000418009,CRC 700.00,,CRC 1.00,2025-02-11 10:57:29,2025-02-11 10:57:29
4198696000017786499,4198696000016155231,11 Feb 2025,Efectivo/Cash,4198696000000418009,CRC 50.00,,CRC 1.00,2025-02-11 10:56:51,2025-02-11 10:56:51
4198696000017783425,4198696000017006872,11 Feb 2025,Efectivo/Cash,4198696000000418009,CRC 500.00,,CRC 1.00,2025-02-11 10:58:05,2025-02-11 10:58:05
4198696000017783385,4198696000017645633,11 Feb 2025,Efectivo/Cash,4198696000000418009,CRC 0.75,,CRC 1.00,2025-02-11 10:56:20,2025-02-11 10:56:20
4198696000017944917,4198696000017944877,12 Feb 2025,Efectivo/Cash,4198696000000418009,"CRC 2,291.00",,CRC 1.00,2025-02-12 13:15:30,2025-02-12 13:15:30
4198696000018059601,4198696000017988974,13 Feb 2025,SINPE,4198696000000375167,"CRC 1,700.00",2025021280383010379807147,CRC 1.00,2025-02-13 12:17:49,2025-02-13 12:17:49
4198696000018064236,4198696000016218017,23 Jan 2025,BNCR Colones,4198696000000375167,"CRC 1,500.00",91524294,CRC 1.00,2025-02-13 14:13:12,2025-02-13 14:13:12
4198696000018064216,4198696000016431438,24 Jan 2025,BNCR Colones,4198696000000375167,"CRC 1,300.00",92696511,CRC 1.00,2025-02-13 14:11:45,2025-02-13 14:11:45
4198696000018168643,4198696000017431552,05 Feb 2025,BNCR Colones,4198696000000375167,"CRC 10,000.00",96090160,CRC 1.00,2025-02-14 12:37:02,2025-02-14 12:37:02
4198696000018156286,4198696000018156246,14 Feb 2025,Efectivo/Cash,4198696000000418009,"CRC 1,800.00",,CRC 1.00,2025-02-14 10:29:16,2025-02-14 10:29:16
4198696000018320743,4198696000015693205,19 Feb 2025,SINPE,4198696000000375167,"CRC 2,400.00",,CRC 1.00,2025-02-19 12:44:39,2025-02-19 12:44:39
4198696000018320219,4198696000017625732,19 Feb 2025,SINPE,4198696000000375167,"CRC 1,000.00",98722615,CRC 1.00,2025-02-19 10:37:09,2025-02-19 10:37:09
4198696000018320763,4198696000017676628,19 Feb 2025,SINPE,4198696000000375167,"CRC 5,000.00",,CRC 1.00,2025-02-19 12:45:53,2025-02-19 12:45:53
4198696000018320239,4198696000017824695,19 Feb 2025,SINPE,4198696000000375167,"CRC 1,824.00",64212998,CRC 1.00,2025-02-19 10:42:38,2025-02-19 10:42:38
4198696000018320833,4198696000018156338,19 Feb 2025,SINPE,4198696000000375167,"CRC 3,000.00",,CRC 1.00,2025-02-19 12:51:59,2025-02-19 12:51:59
4198696000018320291,4198696000018156378,19 Feb 2025,SINPE,4198696000000375167,"CRC 3,300.00",84928467,CRC 1.00,2025-02-19 10:55:55,2025-02-19 10:55:55
4198696000018320783,4198696000018179421,19 Feb 2025,SINPE,4198696000000375167,"CRC 1,000.00",,CRC 1.00,2025-02-19 12:47:37,2025-02-19 12:47:37
4198696000018320311,4198696000018189937,19 Feb 2025,SINPE,4198696000000375167,"CRC 2,000.00",98753581,CRC 1.00,2025-02-19 10:59:28,2025-02-19 10:59:28
4198696000018320853,4198696000018232781,19 Feb 2025,SINPE,4198696000000375167,"CRC 2,000.00",,CRC 1.00,2025-02-19 12:53:06,2025-02-19 12:53:06
4198696000018524796,4198696000018471485,21 Feb 2025,SINPE,4198696000000375167,"CRC 1,000.00",91825647,CRC 1.00,2025-02-21 17:02:44,2025-02-21 17:02:44
4198696000018573104,4198696000018524778,22 Feb 2025,Efectivo/Cash,4198696000000418009,"CRC 10,000.00",,CRC 1.00,2025-02-22 10:29:51,2025-02-22 10:29:51
4198696000018801295,4198696000018662709,25 Feb 2025,SINPE,4198696000000375167,"CRC 1,000.00",,CRC 1.00,2025-02-27 10:57:38,2025-02-27 10:57:38
4198696000018801315,4198696000018690248,25 Feb 2025,SINPE,4198696000000375167,"CRC 2,000.00",,CRC 1.00,2025-02-27 10:58:37,2025-02-27 10:58:37
4198696000018801335,4198696000018690555,26 Feb 2025,SINPE,4198696000000375167,"CRC 1,740.00",,CRC 1.00,2025-02-27 11:00:01,2025-02-27 11:00:01
4198696000018888723,4198696000018524003,28 Feb 2025,Efectivo/Cash,4198696000000418009,"CRC 1,000.00",,CRC 1.00,2025-02-28 12:07:41,2025-02-28 12:07:41
4198696000018922933,4198696000018922915,03 Mar 2025,Efectivo/Cash,4198696000000418009,"CRC 5,000.00",,CRC 1.00,2025-03-03 12:51:24,2025-03-03 12:51:24
4198696000019007983,4198696000018975037,04 Mar 2025,Efectivo/Cash,4198696000000418009,"CRC 3,600.00",refund invoices 9413 9451,CRC 1.00,2025-03-04 16:39:28,2025-03-04 16:39:28
4198696000019063325,4198696000019063285,04 Mar 2025,Efectivo/Cash,4198696000000418009,"CRC 17,200.00",,CRC 1.00,2025-03-04 17:06:29,2025-03-04 17:06:29
4198696000019007863,4198696000019014855,04 Mar 2025,Efectivo/Cash,4198696000000418009,"CRC 10,600.00",,CRC 1.00,2025-03-04 16:03:00,2025-03-04 16:03:00
4198696000019066803,4198696000019063593,05 Mar 2025,SINPE,4198696000000375167,"CRC 5,000.00",91195026,CRC 1.00,2025-03-05 13:01:16,2025-03-05 13:01:16
4198696000019075303,4198696000019075263,05 Mar 2025,Efectivo/Cash,4198696000000418009,"CRC 7,850.00",,CRC 1.00,2025-03-05 14:11:54,2025-03-05 14:11:54
4198696000019165311,4198696000018901139,03 Mar 2025,Bank/Other,4198696000000375167,"CRC 1,500.00",,CRC 1.00,2025-03-06 11:31:24,2025-03-06 11:31:24
4198696000019165351,4198696000018922989,03 Mar 2025,Bank/Other,4198696000000375167,"CRC 1,500.00",,CRC 1.00,2025-03-06 11:33:19,2025-03-06 11:33:19
4198696000019165331,4198696000018948322,03 Mar 2025,Bank/Other,4198696000000375167,"CRC 33,000.00",,CRC 1.00,2025-03-06 11:32:32,2025-03-06 11:32:32
4198696000019186966,4198696000019066568,06 Mar 2025,SINPE,4198696000000375167,"CRC 1,800.00",,CRC 1.00,2025-03-06 16:58:20,2025-03-06 16:58:20
4198696000019186946,4198696000019066947,06 Mar 2025,SINPE,4198696000000375167,"CRC 5,250.00",,CRC 1.00,2025-03-06 16:57:46,2025-03-06 16:57:46
4198696000019220530,4198696000019220023,07 Mar 2025,SINPE,4198696000000375167,"CRC 4,000.00",,CRC 1.00,2025-03-07 12:27:22,2025-03-07 12:27:22
4198696000019220749,4198696000019220709,07 Mar 2025,Efectivo/Cash,4198696000000418009,"CRC 1,000.00",,CRC 1.00,2025-03-07 13:04:53,2025-03-07 13:04:53
4198696000019296045,4198696000019246644,08 Mar 2025,Efectivo/Cash,4198696000000418009,"CRC 13,000.00",,CRC 1.00,2025-03-08 09:28:46,2025-03-08 09:28:46
4198696000019378618,4198696000019378576,10 Mar 2025,Efectivo/Cash,4198696000000418009,"CRC 37,904.00",,CRC 1.00,2025-03-10 13:28:20,2025-03-10 13:28:20
4198696000019520513,4198696000019520003,11 Mar 2025,Efectivo/Cash,4198696000000418009,"CRC 80,000.00",,CRC 1.00,2025-03-11 12:22:38,2025-03-11 12:22:38
4198696000019856836,4198696000019246702,13 Mar 2025,Bank/Other,4198696000000375167,"CRC 1,000.00",97778130,CRC 1.00,2025-03-14 23:39:32,2025-03-14 23:39:32
4198696000019856856,4198696000019296005,13 Mar 2025,Bank/Other,4198696000000375167,"CRC 2,000.00",92426434,CRC 1.00,2025-03-14 23:41:56,2025-03-14 23:41:56
4198696000019856876,4198696000019719685,14 Mar 2025,Bank/Other,4198696000000375167,"CRC 1,000.00",98948320,CRC 1.00,2025-03-14 23:47:14,2025-03-14 23:47:14
4198696000019848974,4198696000019831077,15 Mar 2025,SINPE,4198696000000375167,"CRC 3,000.00",,CRC 1.00,2025-03-15 10:58:53,2025-03-15 10:58:53
4198696000019860212,4198696000019860068,15 Mar 2025,Efectivo/Cash,4198696000000418009,"CRC 1,240.00",,CRC 1.00,2025-03-15 11:58:36,2025-03-15 11:58:36
4198696000020092423,4198696000019839010,14 Mar 2025,SINPE,4198696000000375167,"CRC 2,000.00",94838387,CRC 1.00,2025-03-20 19:45:34,2025-03-20 19:45:34
4198696000020181471,4198696000019924929,19 Mar 2025,Bank/Other,4198696000000375167,"CRC 2,000.00",Refund Guillermo Mora,CRC 1.00,2025-03-21 15:12:30,2025-03-21 15:12:30
4198696000020116536,4198696000020109508,20 Mar 2025,SINPE,4198696000000375167,"CRC 1,000.00",,CRC 1.00,2025-03-20 17:02:51,2025-03-20 17:02:51
4198696000020264588,4198696000020182600,24 Mar 2025,Bank/Other,4198696000000375167,"CRC 1,625.00",90278143,CRC 1.00,2025-03-25 10:34:46,2025-03-25 10:34:46
4198696000020437770,4198696000020306786,27 Mar 2025,SINPE,4198696000000375167,"CRC 1,000.00",,CRC 1.00,2025-03-27 15:44:23,2025-03-27 15:44:23
4198696000020437821,4198696000020315934,27 Mar 2025,SINPE,4198696000000375167,"CRC 1,500.00",,CRC 1.00,2025-03-27 15:46:00,2025-03-27 15:46:00
4198696000020620329,4198696000020437069,31 Mar 2025,SINPE,4198696000000375167,"CRC 2,800.00",,CRC 1.00,2025-03-31 15:30:21,2025-03-31 15:30:21
4198696000020620349,4198696000020555391,31 Mar 2025,SINPE,4198696000000375167,"CRC 2,400.00",,CRC 1.00,2025-03-31 15:30:59,2025-03-31 15:30:59
4198696000020629996,4198696000020609771,01 Apr 2025,SINPE,4198696000000375167,"CRC 1,000.00",,CRC 1.00,2025-04-01 14:59:33,2025-04-01 14:59:33
4198696000020765312,4198696000020689303,02 Apr 2025,SINPE,4198696000000375167,"CRC 1,500.00",,CRC 1.00,2025-04-02 17:37:18,2025-04-02 17:37:18
4198696000020867793,4198696000020759875,03 Apr 2025,SINPE,4198696000000375167,"CRC 2,000.00",,CRC 1.00,2025-04-03 16:35:33,2025-04-03 16:35:33
4198696000020867813,4198696000020811630,03 Apr 2025,SINPE,4198696000000375167,"CRC 1,000.00",,CRC 1.00,2025-04-03 16:35:57,2025-04-03 16:35:57
4198696000021139485,4198696000020963237,08 Apr 2025,SINPE,4198696000000375167,"CRC 1,000.00",,CRC 1.00,2025-04-08 16:22:20,2025-04-08 16:22:20
4198696000021139465,4198696000021074249,08 Apr 2025,SINPE,4198696000000375167,"CRC 1,400.00",,CRC 1.00,2025-04-08 16:21:34,2025-04-08 16:21:34
4198696000021139505,4198696000021118093,08 Apr 2025,SINPE,4198696000000375167,"CRC 1,000.00",,CRC 1.00,2025-04-08 16:22:52,2025-04-08 16:22:52
4198696000021426902,4198696000021197909,14 Apr 2025,SINPE,4198696000000375167,"CRC 1,000.00",,CRC 1.00,2025-04-14 15:59:13,2025-04-14 15:59:13
4198696000021432778,4198696000021316091,14 Apr 2025,Efectivo/Cash,4198696000000418009,"CRC 1,184.00",,CRC 1.00,2025-04-14 16:29:59,2025-04-14 16:29:59
4198696000021546129,4198696000021539066,15 Apr 2025,SINPE,4198696000000375167,CRC 500.00,,CRC 1.00,2025-04-15 14:55:04,2025-04-15 14:55:04
4198696000021888203,4198696000021868323,22 Apr 2025,Efectivo/Cash,4198696000000418009,"CRC 57,900.00",,CRC 1.00,2025-04-22 17:49:59,2025-04-22 17:49:59
4198696000021759392,4198696000021426017,21 Apr 2025,Efectivo/Cash,4198696000000418009,"CRC 3,150.00",,CRC 1.00,2025-04-21 10:36:40,2025-04-21 10:36:40
4198696000022190635,4198696000021530677,25 Apr 2025,SINPE,4198696000000375167,"CRC 1,000.00",,CRC 1.00,2025-04-25 16:30:50,2025-04-25 16:30:50
4198696000022190655,4198696000021612319,25 Apr 2025,SINPE,4198696000000375167,"CRC 1,000.00",,CRC 1.00,2025-04-25 16:32:06,2025-04-25 16:32:06
4198696000022190695,4198696000021800523,25 Apr 2025,SINPE,4198696000000375167,"CRC 1,000.00",,CRC 1.00,2025-04-25 16:33:52,2025-04-25 16:33:52
4198696000022190675,4198696000021868993,25 Apr 2025,SINPE,4198696000000375167,CRC 990.00,,CRC 1.00,2025-04-25 16:33:16,2025-04-25 16:33:16
4198696000022384258,4198696000022253749,29 Apr 2025,Tarjeta de crédito - Scotia,4198696000000418017,"CRC 18,800.00",,CRC 1.00,2025-04-29 17:50:54,2025-04-29 17:50:54
4198696000022343387,4198696000021612275,16 Apr 2025,Bank/Other,4198696000000375167,"CRC 3,800.00",,CRC 1.00,2025-04-29 11:38:15,2025-04-29 11:38:15
4198696000022467310,4198696000022467255,30 Apr 2025,Efectivo/Cash,4198696000000418009,"CRC 6,236.00",,CRC 1.00,2025-04-30 17:34:39,2025-04-30 17:34:39
4198696000022535027,4198696000022450597,02 May 2025,Efectivo/Cash,4198696000000418009,"CRC 50,000.00",,CRC 1.00,2025-05-02 09:16:44,2025-05-02 09:16:44
4198696000022838627,4198696000022732007,07 May 2025,SINPE,4198696000000375167,"CRC 1,000.00",,CRC 1.00,2025-05-07 15:18:02,2025-05-07 15:18:02
4198696000022926465,4198696000018662621,09 May 2025,SINPE,4198696000000375167,"CRC 1,200.00",,CRC 1.00,2025-05-09 12:04:04,2025-05-09 12:04:04
4198696000023001001,4198696000022926570,12 May 2025,SINPE,4198696000000375167,"CRC 5,000.00",,CRC 1.00,2025-05-12 12:55:15,2025-05-12 12:55:15
4198696000023001283,4198696000022932950,12 May 2025,Efectivo/Cash,4198696000000418009,"CRC 5,232.00",,CRC 1.00,2025-05-12 13:46:45,2025-05-12 13:46:45
4198696000023001260,4198696000022946478,10 May 2025,Efectivo/Cash,4198696000000418009,"CRC 2,732.00",,CRC 1.00,2025-05-12 13:45:26,2025-05-12 13:45:26
4198696000023001332,4198696000023001310,12 May 2025,Efectivo/Cash,4198696000000418009,"CRC 8,004.00",,CRC 1.00,2025-05-12 14:03:54,2025-05-12 14:03:54
4198696000023007189,4198696000023007138,12 May 2025,Efectivo/Cash,4198696000000418009,"CRC 7,216.00",,CRC 1.00,2025-05-12 16:29:26,2025-05-12 16:29:26
4198696000023075886,4198696000023071258,13 May 2025,Efectivo/Cash,4198696000000418009,"CRC 4,000.00",,CRC 1.00,2025-05-13 17:33:47,2025-05-13 17:33:47
4198696000023135909,4198696000023135194,14 May 2025,SINPE,4198696000000375167,"CRC 22,270.00",,CRC 1.00,2025-05-14 17:52:03,2025-05-14 17:52:03
4198696000023553510,4198696000023446852,22 May 2025,SINPE,4198696000000375167,"CRC 1,800.00",,CRC 1.00,2025-05-22 14:25:45,2025-05-22 14:25:45
4198696000023553533,4198696000023457991,22 May 2025,SINPE,4198696000000375167,"CRC 1,000.00",,CRC 1.00,2025-05-22 14:27:24,2025-05-22 14:27:24
4198696000023553556,4198696000023481147,22 May 2025,SINPE,4198696000000375167,"CRC 3,000.00",,CRC 1.00,2025-05-22 14:29:05,2025-05-22 14:29:05
4198696000023481202,4198696000023218557,21 May 2025,SINPE,4198696000000375167,"CRC 2,000.00",,CRC 1.00,2025-05-21 17:51:02,2025-05-21 17:51:02
4198696000023773097,4198696000023702712,28 May 2025,SINPE,4198696000000375167,"CRC 1,000.00",,CRC 1.00,2025-05-28 09:55:05,2025-06-03 10:43:34
4198696000023773120,4198696000023773044,28 May 2025,SINPE,4198696000000375167,CRC 700.00,,CRC 1.00,2025-05-28 09:55:38,2025-06-03 10:42:40
4198696000023819636,4198696000023819005,29 May 2025,SINPE,4198696000000375167,"CRC 1,740.00",,CRC 1.00,2025-05-29 12:49:53,2025-06-03 13:03:34
4198696000023910961,4198696000023910314,30 May 2025,Efectivo/Cash,4198696000000418009,"CRC 5,000.00",,CRC 1.00,2025-05-30 17:12:38,2025-05-30 17:12:38
4198696000023910838,4198696000023910694,30 May 2025,Efectivo/Cash,4198696000000418009,"CRC 3,000.00",,CRC 1.00,2025-05-30 17:09:32,2025-05-30 17:09:32
4198696000024025138,4198696000023929390,03 Jun 2025,Efectivo/Cash,4198696000000418009,"CRC 1,700.00",,CRC 1.00,2025-06-03 09:22:59,2025-06-03 09:22:59
4198696000024025325,4198696000024025005,03 Jun 2025,SINPE,4198696000000375167,CRC 700.00,,CRC 1.00,2025-06-03 10:21:47,2025-06-10 11:23:40
4198696000024248244,4198696000024054204,05 Jun 2025,SINPE,4198696000000375167,"CRC 1,000.00",,CRC 1.00,2025-06-05 09:32:44,2025-06-10 11:30:30
4198696000024248267,4198696000024144053,05 Jun 2025,SINPE,4198696000000375167,"CRC 2,000.00",,CRC 1.00,2025-06-05 09:33:04,2025-06-10 11:30:55
4198696000024327708,4198696000024262436,06 Jun 2025,SINPE,4198696000000375167,"CRC 10,800.00",,CRC 1.00,2025-06-06 16:51:34,2025-06-10 11:32:08
4198696000024341311,4198696000024336659,09 Jun 2025,SINPE,4198696000000375167,"CRC 1,300.00",,CRC 1.00,2025-06-09 13:42:32,2025-06-09 14:07:36
4198696000024341448,4198696000024336714,09 Jun 2025,SINPE,4198696000000375167,"CRC 8,000.00",,CRC 1.00,2025-06-09 14:08:15,2025-06-09 14:08:15
4198696000024345899,4198696000024336807,09 Jun 2025,SINPE,4198696000000375167,"CRC 1,500.00",,CRC 1.00,2025-06-09 17:36:32,2025-06-09 17:36:32
4198696000024336784,4198696000024321121,09 Jun 2025,SINPE,4198696000000375167,"CRC 2,400.00",,CRC 1.00,2025-06-09 12:06:06,2025-06-10 12:37:22
4198696000024423955,4198696000024345485,10 Jun 2025,Efectivo/Cash,4198696000000418009,"CRC 3,915.00",,CRC 1.00,2025-06-10 16:20:29,2025-06-10 16:20:29
4198696000024678171,4198696000023022819,13 Jun 2025,SINPE,4198696000000375167,"CRC 1,000.00",,CRC 1.00,2025-06-13 11:09:19,2025-06-13 11:09:19
4198696000024678191,4198696000024262206,13 Jun 2025,SINPE,4198696000000375167,"CRC 2,500.00",,CRC 1.00,2025-06-13 11:09:34,2025-06-13 11:09:34
4198696000024678237,4198696000024486857,13 Jun 2025,SINPE,4198696000000375167,"CRC 1,078.00",,CRC 1.00,2025-06-13 11:11:32,2025-06-13 11:11:32
4198696000024678257,4198696000024551451,13 Jun 2025,SINPE,4198696000000375167,"CRC 1,500.00",,CRC 1.00,2025-06-13 11:11:52,2025-06-13 11:11:52
4198696000025047551,4198696000024988504,20 Jun 2025,SINPE,4198696000000375167,"CRC 5,000.00",,CRC 1.00,2025-06-20 16:48:26,2025-06-20 16:48:26
4198696000025088217,4198696000024802539,23 Jun 2025,Efectivo/Cash,4198696000000418009,CRC 400.00,,CRC 1.00,2025-06-23 17:05:05,2025-06-23 17:05:05
4198696000025174637,4198696000025088646,24 Jun 2025,SINPE,4198696000000375167,"CRC 1,800.00",,CRC 1.00,2025-06-24 14:50:20,2025-06-24 14:50:20
4198696000025238423,4198696000025238375,25 Jun 2025,Efectivo/Cash,4198696000000418009,CRC 634.00,,CRC 1.00,2025-06-25 11:41:16,2025-06-25 11:41:16
4198696000025487771,4198696000024678818,27 Jun 2025,SINPE,4198696000000375167,"CRC 1,000.00",,CRC 1.00,2025-06-27 15:06:38,2025-06-27 15:06:38
4198696000025487791,4198696000025355216,27 Jun 2025,SINPE,4198696000000375167,"CRC 2,700.00",,CRC 1.00,2025-06-27 15:07:34,2025-06-27 15:07:34
4198696000025758755,4198696000025145365,01 Jul 2025,SINPE,4198696000000375167,"CRC 1,025.00",,CRC 1.00,2025-07-01 13:48:11,2025-07-01 13:48:11
4198696000025758775,4198696000021927741,01 Jul 2025,SINPE,4198696000000375167,CRC 925.00,,CRC 1.00,2025-07-01 13:48:39,2025-07-01 13:48:39
4198696000025758735,4198696000025661932,01 Jul 2025,SINPE,4198696000000375167,"CRC 37,600.00",,CRC 1.00,2025-07-01 13:47:47,2025-07-01 13:47:47
4198696000025872089,4198696000025634011,02 Jul 2025,SINPE,4198696000000375167,"CRC 1,000.00",,CRC 1.00,2025-07-02 14:17:04,2025-07-02 14:17:04
4198696000025872109,4198696000025758946,02 Jul 2025,SINPE,4198696000000375167,"CRC 2,200.00",,CRC 1.00,2025-07-02 14:17:21,2025-07-02 14:17:21
4198696000025955974,4198696000025835931,04 Jul 2025,SINPE,4198696000000375167,"CRC 10,000.00",,CRC 1.00,2025-07-04 17:10:19,2025-07-04 17:10:19
4198696000025955954,4198696000025835452,04 Jul 2025,SINPE,4198696000000375167,"CRC 1,000.00",,CRC 1.00,2025-07-04 17:07:25,2025-07-04 17:07:25
4198696000026008612,4198696000018022527,01 Jun 2025,Bank/Other,4198696000000000361,CRC 322.29,,CRC 1.00,2025-07-07 12:42:07,2025-07-07 12:42:07
4198696000026046566,4198696000010728003,01 Jun 2025,Bank/Other,4198696000000000361,CRC 3.44,Tarrazú unclaimed,CRC 1.00,2025-07-07 13:43:57,2025-07-07 13:43:57
4198696000026131546,4198696000025951544,08 Jul 2025,SINPE,4198696000000375167,"CRC 1,000.00",,CRC 1.00,2025-07-08 15:46:33,2025-07-08 15:46:33
4198696000026511925,4198696000026054163,08 Jul 2025,BNCR Colones,4198696000000375167,"CRC 1,000.00",Alexis Mendoza refund,CRC 1.00,2025-07-14 11:20:46,2025-07-14 11:20:46
4198696000026538847,4198696000026113878,14 Jul 2025,SINPE,4198696000000375167,"CRC 1,000.00",,CRC 1.00,2025-07-14 14:14:25,2025-07-14 14:14:25
4198696000026538777,4198696000026131028,14 Jul 2025,SINPE,4198696000000375167,"CRC 2,200.00",,CRC 1.00,2025-07-14 14:12:34,2025-07-14 14:12:34
4198696000026819595,4198696000026819337,19 Jul 2025,SINPE,4198696000000375167,"CRC 1,500.00",,CRC 1.00,2025-07-19 11:00:18,2025-07-19 11:00:18
4198696000026895044,4198696000026484049,21 Jul 2025,SINPE,4198696000000375167,"CRC 8,672.00",91808378,CRC 1.00,2025-07-21 09:48:04,2025-07-21 09:48:04
4198696000026895069,4198696000026484075,21 Jul 2025,SINPE,4198696000000375167,"CRC 6,048.00",91808378,CRC 1.00,2025-07-21 09:49:09,2025-07-21 09:49:09
4198696000026895094,4198696000026759330,21 Jul 2025,SINPE,4198696000000375167,"CRC 2,000.00",99168553,CRC 1.00,2025-07-21 09:50:34,2025-07-21 09:50:34
4198696000027125545,4198696000027028524,24 Jul 2025,SINPE,4198696000000375167,"CRC 2,500.00",,CRC 1.00,2025-07-24 15:51:21,2025-07-24 15:51:21
4198696000027381088,4198696000026470320,22 Jul 2025,SINPE,4198696000000375167,"CRC 40,000.00",,CRC 1.00,2025-07-31 09:41:30,2025-07-31 13:10:27
4198696000027326308,4198696000006608363,31 Jul 2025,Bank/Other,4198696000000000361,"CRC 3,800.00",Ever Dario Aguilar - Refund Unclaimed Jun-2024,CRC 1.00,2025-07-31 12:53:08,2025-07-31 12:53:08
4198696000027326352,4198696000010340284,31 Jul 2025,Bank/Other,4198696000000000361,"CRC 3,600.00",Yois Andre Nuñes - Refund unclaimed,CRC 1.00,2025-07-31 14:30:26,2025-07-31 14:30:26
4198696000027326836,4198696000006293221,31 Jul 2025,Bank/Other,4198696000000000361,"CRC 1,100.00",Guillermo Vargas - Refund Unclaimed,CRC 1.00,2025-07-31 16:06:05,2025-07-31 16:06:05
4198696000027404046,4198696000006987043,31 Jul 2025,Bank/Other,4198696000000000361,"CRC 1,000.00",Asiamec LTDA - Refund Unclaimed Jul-2024,CRC 1.00,2025-07-31 16:33:37,2025-07-31 16:33:37
4198696000027326926,4198696000009802624,31 Jul 2025,Bank/Other,4198696000000000361,"CRC 1,000.00",Carlos Perez - Refund Unclaimed,CRC 1.00,2025-07-31 16:16:00,2025-07-31 16:16:00
4198696000027326788,4198696000013362559,31 Jul 2025,Bank/Other,4198696000000000361,CRC 100.00,Emanuel Castillo - Refund Unclaimed 2024,CRC 1.00,2025-07-31 15:52:08,2025-07-31 15:52:08
4198696000027326573,4198696000014285151,31 Jul 2025,Bank/Other,4198696000000000361,"CRC 3,000.00",Taller Valera - Refund Unclaimed,CRC 1.00,2025-07-31 15:15:01,2025-07-31 15:15:01
4198696000027326740,4198696000023230148,31 Jul 2025,Bank/Other,4198696000000000361,"CRC 1,450.00",Carlos Paniagua - Refund unclaimed,CRC 1.00,2025-07-31 15:41:55,2025-07-31 15:41:55
4198696000027394418,4198696000018841925,31 Jul 2025,SINPE,4198696000000375167,"CRC 16,320.00",93455708,CRC 1.00,2025-07-31 14:31:08,2025-07-31 14:31:08
4198696000027326950,4198696000006293633,31 Jul 2025,Bank/Other,4198696000000000361,"CRC 1,000.00",Adrian Patiño - Refund Unclaimed,CRC 1.00,2025-07-31 16:18:20,2025-07-31 16:18:20
4198696000027326902,4198696000008250055,31 Jul 2025,Bank/Other,4198696000000000361,"CRC 1,000.00",Yockgen Cheng - Refund Unclaimed,CRC 1.00,2025-07-31 16:12:22,2025-07-31 16:12:22
4198696000027326860,4198696000009955287,31 Jul 2025,Bank/Other,4198696000000000361,"CRC 1,025.00",Luis Diego Miranda - Refund Unclaimed,CRC 1.00,2025-07-31 16:08:41,2025-07-31 16:08:41
4198696000027326468,4198696000013488246,31 Jul 2025,Bank/Other,4198696000000000361,"CRC 3,044.00",Jesus Prendas - Refund unclaimed,CRC 1.00,2025-07-31 14:53:26,2025-07-31 14:53:26
4198696000027404022,4198696000015289390,31 Jul 2025,Bank/Other,4198696000000000361,"CRC 1,000.00",Alonso Duran - Refund Unclaimed,CRC 1.00,2025-07-31 16:31:17,2025-07-31 16:31:17
4198696000027326376,4198696000009989045,31 Jul 2025,Bank/Other,4198696000000000361,"CRC 1,000.00",Christian Obregon - Refund unclaimed,CRC 1.00,2025-07-31 14:37:31,2025-07-31 14:37:31
4198696000027326692,4198696000002980197,31 Jul 2025,Bank/Other,4198696000000000361,"CRC 2,000.00",Danny Araya - Refund unclaimed,CRC 1.00,2025-07-31 15:36:17,2025-07-31 15:36:17
4198696000027326974,4198696000006785106,31 Jul 2025,Bank/Other,4198696000000000361,"CRC 1,000.00",Freddy Perez - Refund Unclaimed,CRC 1.00,2025-07-31 16:21:56,2025-07-31 16:21:56
4198696000027326549,4198696000008967400,31 Jul 2025,Bank/Other,4198696000000000361,"CRC 3,000.00",Sergio Pulido - Refund unclaimed,CRC 1.00,2025-07-31 15:10:42,2025-07-31 15:10:42
4198696000027326402,4198696000010619657,31 Jul 2025,Bank/Other,4198696000000000361,"CRC 2,300.00",Osvaldo Calvo - Refund unclaimed,CRC 1.00,2025-07-31 14:46:48,2025-07-31 14:46:48
4198696000027326764,4198696000014032667,31 Jul 2025,Bank/Other,4198696000000000361,"CRC 1,000.00",Emanuel Castillo - Refund Unclaimed,CRC 1.00,2025-07-31 15:51:37,2025-07-31 15:51:37
4198696000027326716,4198696000022759191,31 Jul 2025,Bank/Other,4198696000000000361,CRC 525.00,Carlos Paniagua - Refund unclaimed,CRC 1.00,2025-07-31 15:41:26,2025-07-31 15:41:26
4198696000027394292,4198696000027367322,31 Jul 2025,SINPE,4198696000000375167,"CRC 1,000.00",84131495,CRC 1.00,2025-07-31 14:21:42,2025-07-31 14:21:42
4198696000027326668,4198696000006545085,31 Jul 2025,Bank/Other,4198696000000000361,"CRC 2,600.00",Mervyn Alfaro - duplicated Jun-2024,CRC 1.00,2025-07-31 15:24:27,2025-07-31 15:24:27
4198696000027326444,4198696000008967169,31 Jul 2025,Bank/Other,4198696000000000361,"CRC 3,100.00",Wendell Castro - Refund unclaimed,CRC 1.00,2025-07-31 14:52:22,2025-07-31 14:52:22
4198696000027326998,4198696000010549177,31 Jul 2025,Bank/Other,4198696000000000361,"CRC 1,000.00",Gerardo Bermudez - Refund Unclaimed,CRC 1.00,2025-07-31 16:24:29,2025-07-31 16:24:29
4198696000027326492,4198696000013490070,31 Jul 2025,Bank/Other,4198696000000000361,"CRC 3,025.00",Alexander Araya - Refund unclaimed,CRC 1.00,2025-07-31 14:54:20,2025-07-31 14:54:20
4198696000027326812,4198696000016206373,31 Jul 2025,Bank/Other,4198696000000000361,CRC 329.00,Emanuel Castillo - Refund Unclaimed,CRC 1.00,2025-07-31 15:52:25,2025-07-31 15:52:25
4198696000027401572,4198696000027377223,31 Jul 2025,Efectivo/Cash,4198696000000418009,"CRC 2,600.00",,CRC 1.00,2025-07-31 17:09:43,2025-07-31 17:09:43
4198696000027649021,4198696000019220099,01 Aug 2025,SINPE,4198696000000375167,"CRC 3,300.00",95220151,CRC 1.00,2025-08-01 14:57:07,2025-08-01 14:57:07
4198696000027649045,4198696000027292596,01 Aug 2025,SINPE,4198696000000375167,CRC 500.00,95220151,CRC 1.00,2025-08-01 14:57:51,2025-08-01 14:57:51
4198696000027649301,4198696000027649275,01 Aug 2025,SINPE,4198696000000375167,"CRC 10,000.00",95220151,CRC 1.00,2025-08-01 15:43:16,2025-08-01 15:43:16
4198696000027853067,4198696000027773126,05 Aug 2025,SINPE,4198696000000375167,"CRC 1,000.00",99890902,CRC 1.00,2025-08-05 09:44:33,2025-08-05 09:44:33
4198696000027853043,4198696000027646138,05 Aug 2025,SINPE,4198696000000375167,"CRC 1,000.00",98891807,CRC 1.00,2025-08-05 09:43:29,2025-08-05 09:43:29
4198696000027873191,4198696000026585313,05 Aug 2025,SINPE,4198696000000375167,"CRC 1,225.00",99424578,CRC 1.00,2025-08-05 15:00:46,2025-08-05 15:00:46
4198696000027852778,4198696000026961617,23 Jul 2025,Bank/Other,4198696000000375167,"CRC 1,500.00",,CRC 1.00,2025-08-05 15:34:22,2025-08-05 15:34:22
4198696000027873215,4198696000027401026,05 Aug 2025,SINPE,4198696000000375167,"CRC 3,000.00",99424578,CRC 1.00,2025-08-05 15:01:20,2025-08-05 15:01:20
4198696000027873239,4198696000027401754,05 Aug 2025,SINPE,4198696000000375167,CRC 800.00,99424578,CRC 1.00,2025-08-05 15:01:41,2025-08-05 15:01:41
4198696000027913572,4198696000027913546,06 Aug 2025,Efectivo/Cash,4198696000000418009,"CRC 7,000.00",498958832,CRC 1.00,2025-08-06 11:29:51,2025-08-06 11:29:51
4198696000028019688,4198696000027952271,07 Aug 2025,SINPE,4198696000000375167,"CRC 5,000.00",92500332,CRC 1.00,2025-08-07 14:42:23,2025-08-07 14:42:23
4198696000028023640,4198696000027999017,07 Aug 2025,SINPE,4198696000000375167,"CRC 1,300.00",92596659,CRC 1.00,2025-08-07 17:29:28,2025-08-07 17:29:28
4198696000028032425,4198696000028032399,08 Aug 2025,Efectivo/Cash,4198696000000418009,"CRC 17,500.00",,CRC 1.00,2025-08-08 10:32:12,2025-08-08 10:32:12
4198696000028230365,4198696000028099089,13 Aug 2025,SINPE,4198696000000375167,"CRC 1,300.00",99306556,CRC 1.00,2025-08-13 10:31:52,2025-08-13 10:31:52
4198696000028230420,4198696000028109673,13 Aug 2025,SINPE,4198696000000375167,"CRC 1,000.00",99304994,CRC 1.00,2025-08-13 10:47:58,2025-08-13 10:47:58
4198696000028248733,4198696000028032449,13 Aug 2025,SINPE,4198696000000375167,"CRC 35,688.00",91379882,CRC 1.00,2025-08-13 12:57:17,2025-08-13 12:57:17
4198696000028248757,4198696000028032973,13 Aug 2025,SINPE,4198696000000375167,"CRC 2,000.00",91382007,CRC 1.00,2025-08-13 12:58:37,2025-08-13 12:58:37
4198696000028497011,4198696000028385268,19 Aug 2025,SINPE,4198696000000375167,"CRC 13,500.00",91352484,CRC 1.00,2025-08-19 09:15:12,2025-08-19 09:15:12
4198696000028504003,4198696000028337168,19 Aug 2025,SINPE,4198696000000375167,"CRC 21,850.00",97069625,CRC 1.00,2025-08-19 09:26:53,2025-08-19 09:26:53
4198696000028504213,4198696000028419559,19 Aug 2025,SINPE,4198696000000375167,"CRC 1,000.00",97071303,CRC 1.00,2025-08-19 10:01:56,2025-08-19 10:01:56
4198696000028535181,4198696000027367122,31 Jul 2025,SINPE,4198696000000375167,"CRC 1,700.00",Alejandro Luna Refund,CRC 1.00,2025-08-19 12:28:38,2025-08-19 12:28:38
4198696000028535157,4198696000026759577,22 Jul 2025,SINPE,4198696000000375167,"CRC 1,500.00",Nebel Duran,CRC 1.00,2025-08-19 12:23:14,2025-08-19 12:23:14
4198696000028801097,4198696000024802114,22 Aug 2025,SINPE,4198696000027079124,CRC 75.00,91446453,CRC 1.00,2025-08-22 15:13:34,2025-08-22 15:13:34
4198696000028801073,4198696000024341471,22 Aug 2025,SINPE,4198696000027079124,CRC 500.00,91446453,CRC 1.00,2025-08-22 15:13:13,2025-08-22 15:13:13
4198696000028801121,4198696000026484561,22 Aug 2025,SINPE,4198696000027079124,CRC 100.00,91446453,CRC 1.00,2025-08-22 15:14:01,2025-08-22 15:14:01
4198696000028917528,4198696000024329888,31 Jul 2025,Bank/Other,4198696000000000361,CRC 65.00,Taller Alexander Refund unclaimed,CRC 1.00,2025-08-26 20:21:13,2025-08-26 20:21:13
4198696000028917720,4198696000019487005,31 Jul 2025,Bank/Other,4198696000000000361,CRC 250.00,Alexander Hernandez - Refund Unclaimed,CRC 1.00,2025-08-26 20:52:29,2025-08-26 20:52:29
4198696000029203630,4198696000029054488,30 Aug 2025,SINPE,4198696000000375167,"CRC 5,000.00",90923020,CRC 1.00,2025-08-30 11:59:12,2025-08-30 11:59:12
4198696000029203704,4198696000029054488,30 Aug 2025,SINPE,4198696000000375167,"CRC 69,000.00",90923020,CRC 1.00,2025-08-30 11:59:34,2025-08-30 11:59:34
4198696000029454569,4198696000029454453,03 Sep 2025,SINPE,4198696000027079124,"CRC 1,300.00",97248702,CRC 1.00,2025-09-03 16:38:19,2025-09-03 16:38:19
4198696000029875418,4198696000029321344,05 Sep 2025,SINPE,4198696000000375167,"CRC 4,600.00",96472399,CRC 1.00,2025-09-05 11:00:49,2025-09-05 11:00:49
4198696000029875503,4198696000029314134,05 Sep 2025,SINPE,4198696000000375167,"CRC 1,200.00",84965515,CRC 1.00,2025-09-05 11:02:01,2025-09-05 11:02:01
4198696000029875529,4198696000029373880,05 Sep 2025,SINPE,4198696000000375167,"CRC 3,001.00",96474936,CRC 1.00,2025-09-05 11:03:23,2025-09-05 11:03:23
4198696000029885049,4198696000029875897,05 Sep 2025,Efectivo/Cash,4198696000000418009,"CRC 49,000.00",,CRC 1.00,2025-09-05 12:44:13,2025-09-05 12:44:13
4198696000028673594,4198696000020306710,21 Aug 2025,BNCR Colones,4198696000000375167,"CRC 1,000.00",99738905,CRC 1.00,2025-08-21 10:42:37,2025-09-05 16:12:02
4198696000028952924,4198696000028794003,25 Aug 2025,BNCR Colones,4198696000000375167,"CRC 5,000.00",94852261,CRC 1.00,2025-08-25 14:46:52,2025-09-05 16:13:25
4198696000028673570,4198696000028621877,21 Aug 2025,BNCR Colones,4198696000000375167,"CRC 4,800.00",99738905,CRC 1.00,2025-08-21 10:42:09,2025-09-05 16:11:41
4198696000028995181,4198696000028952994,27 Aug 2025,BNCR Colones,4198696000000375167,"CRC 6,900.00",96525858,CRC 1.00,2025-08-27 10:05:59,2025-09-05 16:13:45
4198696000028801185,4198696000028752923,22 Aug 2025,BNCR Colones,4198696000000375167,"CRC 8,940.00",91446453,CRC 1.00,2025-08-22 15:15:19,2025-09-05 16:13:06
4198696000028752242,4198696000028730521,22 Aug 2025,BNCR Colones,4198696000000375167,"CRC 13,200.00",90964314,CRC 1.00,2025-08-22 09:22:30,2025-09-05 16:12:49
4198696000029934560,4198696000029836720,08 Sep 2025,SINPE,4198696000000375167,"CRC 41,400.00",90145315,CRC 1.00,2025-09-08 16:29:28,2025-09-08 16:29:28
4198696000028248781,4198696000028230003,13 Aug 2025,SINPE,4198696000000375167,"CRC 2,000.00",99490683,CRC 1.00,2025-08-13 13:00:24,2025-09-09 11:35:31
4198696000030099161,4198696000030023586,11 Sep 2025,SINPE,4198696000000375167,"CRC 4,600.00",2025091115183010952075593,CRC 1.00,2025-09-11 09:45:13,2025-09-11 09:45:13
4198696000030154376,4198696000011852091,03 Sep 2025,SINPE,4198696000000375167,CRC 800.00,96473237,CRC 1.00,2025-09-15 16:39:15,2025-09-15 16:39:15
4198696000030154238,4198696000029425193,04 Sep 2025,SINPE,4198696000000375167,"CRC 2,000.00",98087896,CRC 1.00,2025-09-15 16:28:10,2025-09-15 16:28:10
4198696000030154141,4198696000029373437,03 Sep 2025,SINPE,4198696000000375167,"CRC 39,700.00",96476789,CRC 1.00,2025-09-15 16:20:08,2025-09-15 16:20:08
4198696000030154401,4198696000024290394,03 Sep 2025,SINPE,4198696000000375167,"CRC 1,000.00",96473237,CRC 1.00,2025-09-15 16:41:19,2025-09-15 16:41:19
4198696000030154426,4198696000018735724,03 Sep 2025,SINPE,4198696000000375167,"CRC 2,000.00",96472399,CRC 1.00,2025-09-15 16:43:01,2025-09-15 16:43:01
4198696000030154291,4198696000029800222,12 Sep 2025,SINPE,4198696000000375167,"CRC 26,100.00",90554865,CRC 1.00,2025-09-15 16:31:56,2025-09-15 16:31:56
4198696000030216346,4198696000030200475,16 Sep 2025,SINPE,4198696000000375167,"CRC 2,500.00",93663313,CRC 1.00,2025-09-16 09:34:41,2025-09-16 09:34:41
4198696000030738504,4198696000030723847,19 Sep 2025,Efectivo/Cash,4198696000000418009,"CRC 21,500.00",,CRC 1.00,2025-09-19 14:45:35,2025-09-19 14:45:35
4198696000030746440,4198696000030422118,19 Sep 2025,SINPE,4198696000000375167,"CRC 3,800.00",92169237,CRC 1.00,2025-09-19 16:16:35,2025-09-21 11:16:03
4198696000030946076,4198696000030888765,23 Sep 2025,Efectivo/Cash,4198696000000418009,"CRC 12,000.00",,CRC 1.00,2025-09-23 09:10:17,2025-09-23 09:10:17
4198696000030961280,4198696000030946406,23 Sep 2025,Efectivo/Cash,4198696000000418009,"CRC 1,200.00",,CRC 1.00,2025-09-23 12:33:24,2025-09-23 12:33:24
4198696000031164973,4198696000030904567,25 Sep 2025,SINPE,4198696000000375167,"CRC 3,100.00",90592626,CRC 1.00,2025-09-25 14:16:46,2025-09-25 14:16:46
4198696000031164998,4198696000031051483,25 Sep 2025,SINPE,4198696000000375167,"CRC 2,000.00",90593921,CRC 1.00,2025-09-25 14:17:52,2025-09-25 14:17:52
4198696000031170062,4198696000031086549,25 Sep 2025,SINPE,4198696000000375167,"CRC 1,000.00",2025092515183010921198646,CRC 1.00,2025-09-25 14:20:37,2025-09-25 14:20:37
4198696000031170037,4198696000031086946,25 Sep 2025,SINPE,4198696000000375167,"CRC 2,300.00",2025092515183010921193560,CRC 1.00,2025-09-25 14:19:39,2025-09-25 14:19:39
4198696000031368037,4198696000031209015,29 Sep 2025,SINPE,4198696000000375167,"CRC 1,500.00",93412284,CRC 1.00,2025-09-29 09:25:20,2025-09-29 09:25:20
4198696000031368013,4198696000031155363,29 Sep 2025,SINPE,4198696000000375167,"CRC 2,000.00",93409338,CRC 1.00,2025-09-29 09:23:57,2025-09-29 09:23:57
4198696000031368138,4198696000031209970,29 Sep 2025,SINPE,4198696000000375167,"CRC 1,200.00",2025092715183010942309784,CRC 1.00,2025-09-29 09:31:50,2025-09-29 09:31:50
4198696000031477158,4198696000028955937,30 Sep 2025,SINPE,4198696000000375167,"CRC 1,516.00",2025093015183010983608122,CRC 1.00,2025-09-30 17:01:43,2025-09-30 17:01:43
4198696000031470934,4198696000031254126,30 Sep 2025,SINPE,4198696000000375167,"CRC 5,300.00",2025093015183010983579811,CRC 1.00,2025-09-30 16:44:13,2025-09-30 16:44:13
4198696000031477134,4198696000030540531,30 Sep 2025,SINPE,4198696000000375167,CRC 400.00,2025093015183010983608122,CRC 1.00,2025-09-30 17:01:09,2025-09-30 17:01:09
4198696000031477084,4198696000031093147,30 Sep 2025,SINPE,4198696000000375167,CRC 800.00,2025093015183010983608122,CRC 1.00,2025-09-30 16:55:34,2025-09-30 16:55:34
4198696000031477033,4198696000031170459,30 Sep 2025,SINPE,4198696000000375167,CRC 250.00,98865744,CRC 1.00,2025-09-30 16:47:50,2025-09-30 16:47:50
4198696000031620457,4198696000031566120,04 Oct 2025,SINPE,4198696000000375167,"CRC 3,000.00",2025100415183010934347999,CRC 1.00,2025-10-04 10:13:34,2025-10-04 10:13:34
4198696000031620433,4198696000031541613,04 Oct 2025,SINPE,4198696000000375167,"CRC 1,000.00",2025100415183010934320670,CRC 1.00,2025-10-04 10:12:42,2025-10-04 10:12:42
4198696000031627055,4198696000031177613,04 Oct 2025,Efectivo/Cash,4198696000000418009,"CRC 4,598.00",,CRC 1.00,2025-10-04 11:38:44,2025-10-04 11:38:44
4198696000031769017,4198696000031615852,07 Oct 2025,SINPE,4198696000000375167,"CRC 3,025.00",99526358,CRC 1.00,2025-10-07 09:02:25,2025-10-07 09:02:25
4198696000031769474,4198696000031769448,07 Oct 2025,Efectivo/Cash,4198696000000418009,"CRC 35,000.00",,CRC 1.00,2025-10-07 12:15:16,2025-10-07 12:15:16
4198696000031798477,4198696000031769041,07 Oct 2025,SINPE,4198696000000375167,"CRC 1,500.00",90552400,CRC 1.00,2025-10-07 14:39:58,2025-10-07 14:39:58
4198696000031812830,4198696000031812604,08 Oct 2025,Efectivo/Cash,4198696000000418009,"CRC 2,000.00",,CRC 1.00,2025-10-08 13:23:27,2025-10-08 13:23:27
4198696000032012956,4198696000032012900,10 Oct 2025,Efectivo/Cash,4198696000000418009,"CRC 1,000.00",,CRC 1.00,2025-10-10 13:31:31,2025-10-10 13:31:31
4198696000032247125,4198696000032247067,14 Oct 2025,Efectivo/Cash,4198696000000418009,"CRC 4,462.00",,CRC 1.00,2025-10-14 11:48:15,2025-10-14 11:48:15
4198696000032356773,4198696000032356721,16 Oct 2025,Efectivo/Cash,4198696000000418009,CRC 500.00,,CRC 1.00,2025-10-16 13:27:31,2025-10-16 13:27:31
4198696000032744001,4198696000030016893,20 Oct 2025,Efectivo/Cash,4198696000000418009,"CRC 2,768.00",,CRC 1.00,2025-10-20 10:49:57,2025-10-20 10:49:57
4198696000032492977,4198696000031000438,20 Oct 2025,Efectivo/Cash,4198696000000418009,"CRC 3,072.00",,CRC 1.00,2025-10-20 10:49:38,2025-10-20 10:49:38
4198696000032864173,4198696000032864151,21 Oct 2025,Efectivo/Cash,4198696000000418009,"CRC 6,950.00",,CRC 1.00,2025-10-21 10:16:06,2025-10-21 10:16:06
4198696000032971485,4198696000032253552,22 Oct 2025,Efectivo/Cash,4198696000000418009,"CRC 6,259.95",,CRC 1.00,2025-10-22 14:37:23,2025-10-22 14:37:23
4198696000032971509,4198696000032149080,22 Oct 2025,Efectivo/Cash,4198696000000418009,CRC 0.99,,CRC 1.00,2025-10-22 14:37:40,2025-10-22 14:37:40
4198696000032971437,4198696000032492800,22 Oct 2025,Efectivo/Cash,4198696000000418009,CRC 300.01,,CRC 1.00,2025-10-22 14:36:37,2025-10-22 14:36:37
4198696000032971461,4198696000032258983,22 Oct 2025,Efectivo/Cash,4198696000000418009,"CRC 2,760.00",,CRC 1.00,2025-10-22 14:36:53,2025-10-22 14:36:53
4198696000032913808,4198696000032409094,22 Oct 2025,BNCR Colones,4198696000000375167,"CRC 12,516.80",,CRC 1.00,2025-10-22 09:45:59,2025-10-23 11:36:01
4198696000033211722,4198696000033144208,28 Oct 2025,SINPE,4198696000000375167,"CRC 2,000.00",20251028151830912521979,CRC 1.00,2025-10-28 10:43:59,2025-10-28 10:43:59
4198696000033372669,4198696000033372617,29 Oct 2025,Efectivo/Cash,4198696000000418009,"CRC 7,919.78",,CRC 1.00,2025-10-29 16:38:19,2025-10-29 16:38:19
4198696000033407687,4198696000033357557,31 Oct 2025,SINPE,4198696000000375167,"CRC 2,800.00",2025103115183010951217692,CRC 1.00,2025-10-31 14:25:53,2025-10-31 14:25:53
4198696000033479134,4198696000032277154,16 Oct 2025,Efectivo/Cash,4198696000000375167,"CRC 3,856.00",,CRC 1.00,2025-11-02 08:58:26,2025-11-02 08:58:26
4198696000034297363,4198696000033549629,07 Nov 2025,SINPE,4198696000000375167,"CRC 1,999.31",99271139,CRC 1.00,2025-11-07 10:27:36,2025-11-07 10:27:36
