Bill Credits ID,Date,Amount (BCY),Created Time,Amount (FCY),Last Modified Time
4198696000001258316,17 Nov 2023,"CRC 14,531.05",2023-11-17 11:06:07,"CRC 14,531.05",2023-11-17 11:06:07
4198696000002751123,24 Jan 2024,"CRC 66,296.99",2024-01-25 11:46:26,"CRC 66,296.99",2024-01-25 11:46:26
4198696000001788136,08 Dec 2023,"CRC 54,185.76",2023-12-12 14:00:18,"CRC 54,185.76",2023-12-12 14:00:18
4198696000001867247,12 Dec 2023,"CRC 28,250.00",2023-12-13 17:46:16,"CRC 28,250.00",2023-12-13 17:46:16
4198696000002334968,19 Dec 2023,"CRC 76,840.00",2024-01-08 14:18:59,"CRC 76,840.00",2024-01-08 14:18:59
4198696000004483422,04 Apr 2024,"CRC 76,840.00",2024-04-04 15:35:05,"CRC 76,840.00",2024-04-04 15:35:05
4198696000004145293,19 Mar 2024,"CRC 10,632.57",2024-03-22 16:12:16,"CRC 10,632.57",2024-03-22 16:12:16
4198696000003002465,25 Jan 2024,"CRC 347,484.22",2024-02-05 16:46:48,"CRC 347,484.22",2024-02-05 16:46:48
4198696000002963287,01 Feb 2024,"CRC 18,080.00",2024-02-05 11:53:52,"CRC 18,080.00",2024-02-05 11:53:52
4198696000003738084,09 Feb 2024,"CRC 11,209.17",2024-03-06 16:00:39,"CRC 11,209.17",2024-03-06 16:00:39
4198696000002963320,02 Feb 2024,"CRC 237,300.00",2024-02-05 11:54:56,"CRC 237,300.00",2024-02-05 11:54:56
4198696000003002475,05 Feb 2024,CRC 50.23,2024-02-05 16:47:37,CRC 50.23,2024-02-05 16:47:37
4198696000003738052,23 Feb 2024,"CRC 3,428.10",2024-03-06 15:52:48,"CRC 3,428.10",2024-03-06 15:52:48
4198696000004496366,13 Mar 2024,"CRC 5,042.86",2024-04-04 16:22:58,"CRC 5,042.86",2024-04-04 16:22:58
4198696000004437111,21 Mar 2024,"CRC 15,594.00",2024-04-03 14:35:29,"CRC 15,594.00",2024-04-03 14:35:29
4198696000004651549,22 Mar 2024,"CRC 2,825.00",2024-04-10 10:50:44,"CRC 2,825.00",2024-04-10 10:50:44
4198696000004591445,19 Mar 2024,"CRC 76,840.00",2024-04-08 10:11:26,"CRC 76,840.00",2024-04-08 10:11:26
4198696000004591175,19 Mar 2024,"CRC 19,210.00",2024-04-08 09:54:30,"CRC 19,210.00",2024-04-08 09:54:30
4198696000004437083,25 Mar 2024,"CRC 15,624.69",2024-04-03 12:40:34,"CRC 15,624.69",2024-04-03 12:40:34
4198696000004651551,22 Mar 2024,"CRC 15,761.24",2024-04-10 10:50:44,"CRC 15,761.24",2024-04-10 10:50:44
4198696000004437097,26 Mar 2024,"CRC 25,505.42",2024-04-03 12:41:06,"CRC 25,505.42",2024-04-03 12:41:06
4198696000004651553,01 Apr 2024,CRC 960.50,2024-04-10 10:50:44,CRC 960.50,2024-04-10 10:50:44
4198696000004607615,03 Apr 2024,"CRC 11,751.72",2024-04-08 11:03:13,"CRC 11,751.72",2024-04-08 11:03:13
4198696000004496384,04 Apr 2024,"CRC 13,560.00",2024-04-04 16:28:12,"CRC 13,560.00",2024-04-04 16:28:12
4198696000004496386,04 Apr 2024,"CRC 21,131.00",2024-04-04 16:28:12,"CRC 21,131.00",2024-04-04 16:28:12
4198696000004496388,04 Apr 2024,"CRC 2,938.00",2024-04-04 16:28:12,"CRC 2,938.00",2024-04-04 16:28:12
4198696000004783462,05 Apr 2024,"CRC 3,277.00",2024-04-16 20:01:42,"CRC 3,277.00",2024-04-16 20:01:42
4198696000004783448,05 Apr 2024,"CRC 7,345.00",2024-04-16 20:01:30,"CRC 7,345.00",2024-04-16 20:01:30
4198696000004651555,05 Apr 2024,"CRC 6,447.78",2024-04-10 10:50:44,"CRC 6,447.78",2024-04-10 10:50:44
4198696000004783476,09 Apr 2024,"CRC 8,701.00",2024-04-16 20:02:11,"CRC 8,701.00",2024-04-16 20:02:11
4198696000004651557,10 Apr 2024,"CRC 2,486.00",2024-04-10 10:50:44,"CRC 2,486.00",2024-04-10 10:50:44
4198696000005136587,10 Apr 2024,"CRC 1,344.70",2024-04-29 15:07:54,"CRC 1,344.70",2024-04-29 15:07:54
4198696000005136601,17 Apr 2024,"CRC 53,110.00",2024-04-29 15:11:27,"CRC 53,110.00",2024-04-29 15:11:27
4198696000004783492,16 Apr 2024,"CRC 11,978.00",2024-04-16 20:03:23,"CRC 11,978.00",2024-04-16 20:03:23
4198696000004783494,16 Apr 2024,"CRC 3,729.00",2024-04-16 20:03:23,"CRC 3,729.00",2024-04-16 20:03:23
4198696000005415941,16 Apr 2024,"CRC 33,459.30",2024-05-09 17:37:03,"CRC 33,459.30",2024-05-09 17:37:03
4198696000005415927,18 Apr 2024,"CRC 15,197.75",2024-05-09 17:35:26,"CRC 15,197.75",2024-05-09 17:35:26
4198696000006107426,10 May 2024,"CRC 58,477.50",2024-06-02 13:33:19,"CRC 58,477.50",2024-06-02 13:33:19
4198696000006217005,13 May 2024,"CRC 23,166.52",2024-06-05 11:12:21,"CRC 23,166.52",2024-06-05 11:12:21
4198696000006110332,13 May 2024,"CRC 3,277.00",2024-06-02 13:54:55,"CRC 3,277.00",2024-06-02 13:54:55
4198696000006110334,14 May 2024,"CRC 6,780.00",2024-06-02 13:54:55,"CRC 6,780.00",2024-06-02 13:54:55
4198696000006164747,24 May 2024,"CRC 15,497.43",2024-06-04 15:10:20,"CRC 15,497.43",2024-06-04 15:10:20
4198696000006107480,31 May 2024,"CRC 46,375.20",2024-06-02 13:35:37,"CRC 46,375.20",2024-06-02 13:35:37
4198696000006110924,29 May 2024,"CRC 42,620.11",2024-06-02 15:23:33,"CRC 42,620.11",2024-06-02 15:23:33
4198696000006296005,30 May 2024,"CRC 8,393.23",2024-06-06 11:04:11,"CRC 8,393.23",2024-06-06 11:04:11
4198696000006110258,30 May 2024,"CRC 33,335.00",2024-06-02 13:52:02,"CRC 33,335.00",2024-06-02 13:52:02
4198696000006621625,05 Jun 2024,"CRC 28,250.00",2024-06-18 13:31:36,"CRC 28,250.00",2024-06-18 13:31:36
4198696000006130265,01 Jun 2024,"CRC 24,408.00",2024-06-03 13:22:39,"CRC 24,408.00",2024-06-03 13:22:39
4198696000006130159,13 May 2024,"CRC 24,944.03",2024-06-03 13:08:41,"CRC 24,944.03",2024-06-03 13:08:41
4198696000007079789,04 Jun 2024,"CRC 4,300.78",2024-07-05 18:38:07,"CRC 4,300.78",2024-07-05 18:38:07
4198696000007079791,06 Jun 2024,"CRC 1,921.00",2024-07-05 18:38:07,"CRC 1,921.00",2024-07-05 18:38:07
4198696000007079793,12 Jun 2024,"CRC 3,333.50",2024-07-05 18:38:07,"CRC 3,333.50",2024-07-05 18:38:07
4198696000008431746,14 Jun 2024,"CRC 28,250.00",2024-08-13 17:11:54,"CRC 28,250.00",2024-08-13 17:11:54
4198696000007079517,14 Jun 2024,"CRC 62,150.00",2024-07-05 18:34:26,"CRC 62,150.00",2024-07-05 18:34:26
4198696000007079531,19 Jun 2024,"CRC 7,627.00",2024-07-05 18:36:41,"CRC 7,627.00",2024-07-05 18:36:41
4198696000007079795,02 Jul 2024,CRC 0.50,2024-07-05 18:38:07,CRC 0.50,2024-07-05 18:38:07
4198696000007292561,08 Jul 2024,"CRC 15,948.72",2024-07-11 17:41:21,"CRC 15,948.72",2024-07-11 17:41:21
4198696000007292547,11 Jul 2024,"CRC 42,718.98",2024-07-11 17:40:55,"CRC 42,718.98",2024-07-11 17:40:55
4198696000008296848,17 Jul 2024,"CRC 4,398.07",2024-08-09 15:10:31,"CRC 4,398.07",2024-08-09 15:10:31
4198696000009277009,22 Jul 2024,"CRC 36,388.53",2024-09-05 12:04:12,"CRC 36,388.53",2024-09-05 12:04:12
4198696000008296788,24 Jul 2024,"CRC 20,340.00",2024-08-09 14:59:30,"CRC 20,340.00",2024-08-09 14:59:30
4198696000008423288,29 Jul 2024,"CRC 1,933.88",2024-08-13 15:03:31,"CRC 1,933.88",2024-08-13 15:03:31
4198696000008296834,01 Aug 2024,"CRC 14,939.79",2024-08-09 15:05:52,"CRC 14,939.79",2024-08-09 15:05:52
4198696000008423274,31 Jul 2024,"CRC 2,506.34",2024-08-13 15:03:17,"CRC 2,506.34",2024-08-13 15:03:17
4198696000009096273,01 Aug 2024,"CRC 76,840.00",2024-09-02 19:49:02,"CRC 76,840.00",2024-09-02 19:49:02
4198696000011949041,26 Sep 2024,"CRC 29,082.74",2024-11-08 12:52:12,"CRC 29,082.74",2024-11-08 12:52:12
4198696000010928100,16 Oct 2024,"CRC 19,355.63",2024-10-17 13:06:19,"CRC 19,355.63",2024-10-17 13:06:19
4198696000009095728,19 Aug 2024,"CRC 28,250.00",2024-09-02 19:44:54,"CRC 28,250.00",2024-09-02 19:44:54
4198696000009097749,26 Aug 2024,"CRC 47,658.09",2024-09-02 20:06:42,"CRC 47,658.09",2024-09-02 20:06:42
4198696000010928086,17 Oct 2024,"CRC 92,765.46",2024-10-17 13:05:49,"CRC 92,765.46",2024-10-17 13:05:49
4198696000009340415,28 Aug 2024,"CRC 2,689.40",2024-09-06 13:42:16,"CRC 2,689.40",2024-09-06 13:42:16
4198696000010619005,09 Sep 2024,"CRC 10,678.50",2024-10-09 16:01:34,"CRC 10,678.50",2024-10-09 16:01:34
4198696000010619019,09 Sep 2024,"CRC 11,288.70",2024-10-09 16:02:15,"CRC 11,288.70",2024-10-09 16:02:15
4198696000009962475,18 Sep 2024,"CRC 36,251.67",2024-09-24 07:44:05,"CRC 36,251.67",2024-09-24 07:44:05
4198696000010619033,13 Sep 2024,"CRC 43,019.10",2024-10-09 16:03:21,"CRC 43,019.10",2024-10-09 16:03:21
4198696000010619075,13 Sep 2024,CRC 0.20,2024-10-09 16:07:13,CRC 0.20,2024-10-09 16:07:13
4198696000010619061,13 Sep 2024,CRC 610.00,2024-10-09 16:06:41,CRC 610.00,2024-10-09 16:06:41
4198696000010330071,18 Sep 2024,"CRC 15,704.18",2024-10-02 12:45:10,"CRC 15,704.18",2024-10-02 12:45:10
4198696000010710217,13 Sep 2024,"CRC 34,011.00",2024-10-11 21:37:01,"CRC 34,011.00",2024-10-11 21:37:01
4198696000009962447,16 Sep 2024,CRC 461.67,2024-09-24 07:42:09,CRC 461.67,2024-09-24 07:42:09
4198696000010619047,18 Sep 2024,"CRC 42,408.90",2024-10-09 16:06:00,"CRC 42,408.90",2024-10-09 16:06:00
4198696000009962461,19 Sep 2024,"CRC 4,302.13",2024-09-24 07:42:32,"CRC 4,302.13",2024-09-24 07:42:32
4198696000010763257,27 Sep 2024,"CRC 22,600.00",2024-10-14 18:43:27,"CRC 22,600.00",2024-10-14 18:43:27
4198696000011782466,25 Oct 2024,"CRC 30,408.30",2024-11-05 12:39:58,"CRC 30,408.30",2024-11-05 12:39:58
4198696000013943307,04 Oct 2024,"CRC 25,119.90",2024-12-12 13:39:35,"CRC 25,119.90",2024-12-12 13:39:35
4198696000011821287,15 Oct 2024,"CRC 10,552.91",2024-11-06 13:26:48,"CRC 10,552.91",2024-11-06 13:26:48
4198696000011512737,11 Oct 2024,"CRC 28,244.46",2024-10-30 09:16:56,"CRC 28,244.46",2024-10-30 09:16:56
4198696000011960153,09 Oct 2024,"CRC 20,340.00",2024-11-09 07:01:36,"CRC 20,340.00",2024-11-09 07:01:36
4198696000012939975,10 Oct 2024,"CRC 20,005.52",2024-11-26 14:27:35,"CRC 20,005.52",2024-11-26 14:27:35
4198696000012939961,10 Oct 2024,"CRC 20,005.52",2024-11-26 14:23:51,"CRC 20,005.52",2024-11-26 14:23:51
4198696000013368174,03 Dec 2024,"CRC 26,724.68",2024-12-03 17:06:41,"CRC 26,724.68",2024-12-03 17:06:41
4198696000011960155,14 Oct 2024,CRC 340.00,2024-11-09 07:01:36,CRC 340.00,2024-11-09 07:01:36
4198696000011860446,15 Oct 2024,"CRC 27,120.00",2024-11-06 17:03:41,"CRC 27,120.00",2024-11-06 17:03:41
4198696000012940007,16 Oct 2024,"CRC 45,190.96",2024-11-26 14:51:48,"CRC 45,190.96",2024-11-26 14:51:48
4198696000013943439,01 Nov 2024,"CRC 18,446.66",2024-12-12 20:31:26,"CRC 18,446.66",2024-12-12 20:31:26
4198696000011705547,17 Oct 2024,"CRC 389,078.43",2024-11-04 14:43:37,"CRC 389,078.43",2024-11-04 14:43:37
4198696000011705533,17 Oct 2024,"CRC 1,181,306.29",2024-11-04 14:42:57,"CRC 1,181,306.29",2024-11-04 14:42:57
4198696000012939989,31 Oct 2024,"CRC 49,710.96",2024-11-26 14:46:22,"CRC 49,710.96",2024-11-26 14:46:22
4198696000012940853,26 Nov 2024,CRC 495.62,2024-11-26 15:35:21,CRC 495.62,2024-11-26 15:35:21
4198696000012940837,26 Nov 2024,"CRC 2,818.11",2024-11-26 15:35:03,"CRC 2,818.11",2024-11-26 15:35:03
4198696000012940875,26 Nov 2024,"CRC 4,798.21",2024-11-26 15:35:32,"CRC 4,798.21",2024-11-26 15:35:32
4198696000012940855,26 Nov 2024,"CRC 4,302.59",2024-11-26 15:35:21,"CRC 4,302.59",2024-11-26 15:35:21
4198696000013734221,26 Nov 2024,"CRC 40,668.70",2024-12-11 08:17:58,"CRC 40,668.70",2024-12-11 08:17:58
4198696000013943257,07 Nov 2024,"CRC 27,007.00",2024-12-12 13:38:34,"CRC 27,007.00",2024-12-12 13:38:34
4198696000013943259,07 Nov 2024,"CRC 1,966.77",2024-12-12 13:38:34,"CRC 1,966.77",2024-12-12 13:38:34
4198696000013368418,05 Nov 2024,"CRC 75,295.62",2024-12-05 13:47:55,"CRC 75,295.62",2024-12-05 13:47:55
4198696000013943321,12 Nov 2024,"CRC 48,590.00",2024-12-12 13:40:20,"CRC 48,590.00",2024-12-12 13:40:20
4198696000013786369,18 Nov 2024,"CRC 29,594.70",2024-12-11 12:56:15,"CRC 29,594.70",2024-12-11 12:56:15
4198696000012940021,26 Nov 2024,"CRC 7,664.79",2024-11-26 15:22:18,"CRC 7,664.79",2024-11-26 15:22:18
4198696000012940035,26 Nov 2024,CRC 758.80,2024-11-26 15:22:38,CRC 758.80,2024-11-26 15:22:38
4198696000013943241,14 Nov 2024,"CRC 16,822.54",2024-12-12 13:37:25,"CRC 16,822.54",2024-12-12 13:37:25
4198696000013943335,13 Nov 2024,"CRC 1,290.00",2024-12-12 13:40:39,"CRC 1,290.00",2024-12-12 13:40:39
4198696000013747663,02 Dec 2024,"CRC 14,422.00",2024-12-11 08:45:50,"CRC 14,422.00",2024-12-11 08:45:50
4198696000013845929,22 Nov 2024,"CRC 29,481.65",2024-12-12 12:23:07,"CRC 29,481.65",2024-12-12 12:23:07
4198696000013943279,18 Nov 2024,"CRC 3,692.16",2024-12-12 13:39:10,"CRC 3,692.16",2024-12-12 13:39:10
4198696000014041230,21 Nov 2024,"CRC 56,500.00",2024-12-13 11:37:25,"CRC 56,500.00",2024-12-13 11:37:25
4198696000013747677,02 Dec 2024,"CRC 3,367.52",2024-12-11 08:47:06,"CRC 3,367.52",2024-12-11 08:47:06
4198696000013747649,02 Dec 2024,"CRC 3,736.35",2024-12-11 08:44:35,"CRC 3,736.35",2024-12-11 08:44:35
4198696000014041392,22 Nov 2024,"CRC 19,210.00",2024-12-13 11:49:44,"CRC 19,210.00",2024-12-13 11:49:44
4198696000013960367,02 Dec 2024,"CRC 11,991.57",2024-12-12 14:09:23,"CRC 11,991.57",2024-12-12 14:09:23
4198696000014041334,26 Nov 2024,"CRC 15,820.00",2024-12-13 11:48:47,"CRC 15,820.00",2024-12-13 11:48:47
4198696000013943293,27 Nov 2024,"CRC 15,707.00",2024-12-12 13:39:22,"CRC 15,707.00",2024-12-12 13:39:22
4198696000014041460,26 Nov 2024,CRC 630.00,2024-12-13 11:50:17,CRC 630.00,2024-12-13 11:50:17
4198696000014041336,26 Nov 2024,"CRC 21,485.00",2024-12-13 11:48:47,"CRC 21,485.00",2024-12-13 11:48:47
4198696000015328961,01 Dec 2024,"CRC 2,582.05",2025-01-09 21:14:24,"CRC 2,582.05",2025-01-09 21:14:24
4198696000014041338,28 Nov 2024,"CRC 20,325.00",2024-12-13 11:48:47,"CRC 20,325.00",2024-12-13 11:48:47
4198696000015101580,28 Nov 2024,"CRC 3,112.00",2025-01-06 19:27:24,"CRC 3,112.00",2025-01-06 19:27:24
4198696000013815727,11 Dec 2024,"CRC 7,057.75",2024-12-11 13:34:44,"CRC 7,057.75",2024-12-11 13:34:44
4198696000015088528,11 Dec 2024,"CRC 2,812.34",2025-01-06 19:00:41,"CRC 2,812.34",2025-01-06 19:00:41
4198696000015088530,11 Dec 2024,"CRC 1,894.11",2025-01-06 19:00:41,"CRC 1,894.11",2025-01-06 19:00:41
4198696000014951353,09 Dec 2024,"CRC 44,748.00",2025-01-03 12:12:31,"CRC 44,748.00",2025-01-03 12:12:31
4198696000015392054,06 Dec 2024,"CRC 37,958.96",2025-01-10 13:14:43,"CRC 37,958.96",2025-01-10 13:14:43
4198696000013815713,11 Dec 2024,"CRC 3,822.80",2024-12-11 13:34:08,"CRC 3,822.80",2024-12-11 13:34:08
4198696000015577065,13 Dec 2024,"CRC 66,805.60",2025-01-13 13:10:08,"CRC 66,805.60",2025-01-13 13:10:08
4198696000015101900,02 Jan 2025,"CRC 18,550.98",2025-01-06 19:31:15,"CRC 18,550.98",2025-01-06 19:31:15
4198696000015328983,17 Dec 2024,"CRC 5,452.25",2025-01-09 21:14:40,"CRC 5,452.25",2025-01-09 21:14:40
4198696000015328963,17 Dec 2024,"CRC 3,943.70",2025-01-09 21:14:24,"CRC 3,943.70",2025-01-09 21:14:24
4198696000015099606,20 Dec 2024,"CRC 35,855.53",2025-01-06 19:17:34,"CRC 35,855.53",2025-01-06 19:17:34
4198696000016168145,09 Jan 2025,"CRC 86,918.59",2025-01-21 15:42:54,"CRC 86,918.59",2025-01-21 15:42:54
4198696000016168159,09 Jan 2025,"CRC 79,635.27",2025-01-21 15:43:12,"CRC 79,635.27",2025-01-21 15:43:12
4198696000016168131,07 Jan 2025,"CRC 59,886.73",2025-01-21 15:42:33,"CRC 59,886.73",2025-01-21 15:42:33
4198696000016276806,09 Jan 2025,"CRC 7,955.20",2025-01-22 16:11:07,"CRC 7,955.20",2025-01-22 16:11:07
4198696000016276812,09 Jan 2025,"CRC 1,446.40",2025-01-22 16:11:07,"CRC 1,446.40",2025-01-22 16:11:07
4198696000016276808,09 Jan 2025,"CRC 15,548.80",2025-01-22 16:11:07,"CRC 15,548.80",2025-01-22 16:11:07
4198696000016276814,09 Jan 2025,"CRC 3,706.40",2025-01-22 16:11:07,"CRC 3,706.40",2025-01-22 16:11:07
4198696000016276810,09 Jan 2025,"CRC 3,887.20",2025-01-22 16:11:07,"CRC 3,887.20",2025-01-22 16:11:07
4198696000016641098,10 Dec 2024,"CRC 25,505.42",2025-01-27 17:41:07,"CRC 25,505.42",2025-01-27 17:41:07
4198696000017633053,02 Jan 2025,"CRC 22,600.00",2025-02-06 17:42:39,"CRC 22,600.00",2025-02-06 17:42:39
4198696000017633134,11 Jan 2025,"CRC 68,247.48",2025-02-06 17:47:29,"CRC 68,247.48",2025-02-06 17:47:29
4198696000017633112,27 Jan 2025,"CRC 39,829.34",2025-02-06 17:45:52,"CRC 39,829.34",2025-02-06 17:45:52
4198696000017633156,15 Jan 2025,"CRC 7,503.20",2025-02-06 17:49:57,"CRC 7,503.20",2025-02-06 17:49:57
4198696000017633077,30 Jan 2025,"CRC 45,200.00",2025-02-06 17:44:47,"CRC 45,200.00",2025-02-06 17:44:47
4198696000017633079,30 Jan 2025,"CRC 22,600.00",2025-02-06 17:44:47,"CRC 22,600.00",2025-02-06 17:44:47
4198696000017788063,07 Jan 2025,"CRC 25,651.00",2025-02-11 09:52:12,"CRC 25,651.00",2025-02-11 09:52:12
4198696000017788041,15 Jan 2025,"CRC 4,863.99",2025-02-11 09:51:51,"CRC 4,863.99",2025-02-11 09:51:51
4198696000017788621,13 Jan 2025,"CRC 21,633.53",2025-02-11 11:02:51,"CRC 21,633.53",2025-02-11 11:02:51
4198696000017788599,14 Jan 2025,"CRC 11,066.66",2025-02-11 11:02:09,"CRC 11,066.66",2025-02-11 11:02:09
4198696000018113025,08 Jan 2025,"CRC 51,518.96",2025-02-14 10:38:50,"CRC 51,518.96",2025-02-14 10:38:50
4198696000018113069,14 Jan 2025,"CRC 25,301.69",2025-02-14 11:02:33,"CRC 25,301.69",2025-02-14 11:02:33
4198696000018113083,05 Mar 2025,"CRC 15,257.62",2025-02-14 11:04:51,"CRC 15,257.62",2025-03-05 15:43:19
4198696000018113117,06 Feb 2025,"CRC 18,105.43",2025-02-14 11:26:33,"CRC 18,105.43",2025-02-14 11:26:33
4198696000018489199,06 Feb 2025,"CRC 22,434.23",2025-02-21 10:48:31,"CRC 22,434.23",2025-02-21 10:48:31
4198696000018489213,14 Feb 2025,"CRC 9,460.93",2025-02-21 11:09:05,"CRC 9,460.93",2025-02-21 11:09:05
4198696000018489239,12 Feb 2025,"CRC 6,638.98",2025-02-21 11:28:29,"CRC 6,638.98",2025-02-21 11:28:29
4198696000018869166,06 Feb 2025,CRC 0.02,2025-02-28 11:00:28,CRC 0.02,2025-02-28 11:00:28
4198696000018869110,11 Feb 2025,"CRC 15,707.00",2025-02-28 10:59:14,"CRC 15,707.00",2025-02-28 10:59:14
4198696000018869082,18 Feb 2025,"CRC 90,902.62",2025-02-28 10:57:06,"CRC 90,902.62",2025-02-28 10:57:06
4198696000018869124,14 Feb 2025,"CRC 101,700.00",2025-02-28 10:59:29,"CRC 101,700.00",2025-02-28 10:59:29
4198696000018869152,14 Feb 2025,"CRC 13,006.60",2025-02-28 10:59:55,"CRC 13,006.60",2025-02-28 10:59:55
4198696000018869138,14 Feb 2025,"CRC 9,012.86",2025-02-28 10:59:44,"CRC 9,012.86",2025-02-28 10:59:44
4198696000018869180,17 Feb 2025,"CRC 11,187.00",2025-02-28 11:00:53,"CRC 11,187.00",2025-02-28 11:00:53
4198696000018869194,20 Feb 2025,"CRC 22,600.00",2025-02-28 11:13:05,"CRC 22,600.00",2025-02-28 11:13:05
4198696000018869068,19 Feb 2025,"CRC 489,260.39",2025-02-28 10:56:33,"CRC 489,260.39",2025-02-28 10:56:33
4198696000018869096,26 Feb 2025,"CRC 20,340.00",2025-02-28 10:58:06,"CRC 20,340.00",2025-02-28 10:58:06
4198696000019165437,17 Feb 2025,"CRC 22,898.33",2025-03-06 12:20:38,"CRC 22,898.33",2025-03-06 12:20:38
4198696000019165423,17 Feb 2025,"CRC 9,124.75",2025-03-06 12:03:47,"CRC 9,124.75",2025-03-06 12:03:47
4198696000019165619,24 Feb 2025,"CRC 4,779.90",2025-03-06 12:53:35,"CRC 4,779.90",2025-03-06 12:53:35
4198696000019165605,21 Feb 2025,"CRC 10,477.36",2025-03-06 12:52:11,"CRC 10,477.36",2025-03-06 12:52:11
4198696000019165507,24 Feb 2025,"CRC 74,518.53",2025-03-06 12:31:19,"CRC 74,518.53",2025-03-06 12:31:19
4198696000019165409,24 Feb 2025,"CRC 30,564.24",2025-03-06 11:55:06,"CRC 30,564.24",2025-03-06 11:55:06
4198696000019165451,27 Feb 2025,"CRC 1,282,898.04",2025-03-06 12:28:24,"CRC 1,282,898.04",2025-03-06 12:28:24
4198696000019165493,26 Feb 2025,"CRC 7,910.00",2025-03-06 12:30:32,"CRC 7,910.00",2025-03-06 12:30:32
4198696000019165381,27 Feb 2025,"CRC 31,696.50",2025-03-06 11:53:47,"CRC 31,696.50",2025-03-06 11:53:47
4198696000019165479,28 Feb 2025,"CRC 20,848.50",2025-03-06 12:29:51,"CRC 20,848.50",2025-03-06 12:29:51
4198696000019165465,01 Mar 2025,"CRC 17,967.00",2025-03-06 12:28:54,"CRC 17,967.00",2025-03-06 12:28:54
4198696000019165591,01 Mar 2025,"CRC 65,982.96",2025-03-06 12:48:34,"CRC 65,982.96",2025-03-06 12:48:34
4198696000019165395,06 Mar 2025,"CRC 2,785.45",2025-03-06 11:54:29,"CRC 2,785.45",2025-03-06 11:54:29
4198696000019165577,05 Mar 2025,"CRC 20,228.13",2025-03-06 12:46:30,"CRC 20,228.13",2025-03-06 12:46:30
4198696000019165563,05 Mar 2025,"CRC 29,267.00",2025-03-06 12:46:15,"CRC 29,267.00",2025-03-06 12:46:15
4198696000019165535,05 Mar 2025,"CRC 16,452.80",2025-03-06 12:42:50,"CRC 16,452.80",2025-03-06 12:42:50
4198696000019165521,05 Mar 2025,"CRC 40,545.37",2025-03-06 12:42:27,"CRC 40,545.37",2025-03-06 12:42:27
4198696000019239290,19 Feb 2025,"CRC 26,216.00",2025-03-07 13:43:38,"CRC 26,216.00",2025-03-07 13:43:38
4198696000019239276,24 Feb 2025,"CRC 5,333.60",2025-03-07 13:43:17,"CRC 5,333.60",2025-03-07 13:43:17
4198696000019239304,18 Feb 2025,"CRC 14,705.82",2025-03-07 13:55:31,"CRC 14,705.82",2025-03-07 13:55:31
4198696000019239262,26 Feb 2025,"CRC 8,021.08",2025-03-07 13:41:48,"CRC 8,021.08",2025-03-07 13:41:48
4198696000019239248,27 Feb 2025,"CRC 20,824.44",2025-03-07 13:41:33,"CRC 20,824.44",2025-03-07 13:41:33
4198696000019239220,06 Mar 2025,"CRC 15,594.00",2025-03-07 13:40:35,"CRC 15,594.00",2025-03-07 13:40:35
4198696000019239234,06 Mar 2025,"CRC 16,611.00",2025-03-07 13:40:47,"CRC 16,611.00",2025-03-07 13:40:47
4198696000019239096,04 Mar 2025,"CRC 24,016.50",2025-03-07 13:19:23,"CRC 24,016.50",2025-03-07 13:19:23
4198696000019239118,03 Mar 2025,"CRC 19,259.16",2025-03-07 13:27:16,"CRC 19,259.16",2025-03-07 13:27:16
4198696000019196165,07 Feb 2025,"CRC 18,300.92",2025-03-07 10:53:54,"CRC 18,300.92",2025-03-07 10:53:54
4198696000019239132,28 Feb 2025,"CRC 15,379.89",2025-03-07 13:27:49,"CRC 15,379.89",2025-03-07 13:27:49
4198696000019239162,26 Feb 2025,"CRC 28,700.33",2025-03-07 13:30:58,"CRC 28,700.33",2025-03-07 13:30:58
4198696000019239176,04 Mar 2025,"CRC 22,517.05",2025-03-07 13:31:14,"CRC 22,517.05",2025-03-07 13:31:14
4198696000019239190,06 Mar 2025,"CRC 8,081.90",2025-03-07 13:32:12,"CRC 8,081.90",2025-03-07 13:32:12
4198696000019569631,25 Feb 2025,"CRC 3,778.72",2025-03-11 15:41:30,"CRC 3,778.72",2025-03-11 15:41:30
4198696000019757732,12 Feb 2025,"CRC 19,802.32",2025-03-13 15:27:29,"CRC 19,802.32",2025-03-13 15:27:29
4198696000019757734,25 Feb 2025,CRC 0.93,2025-03-13 15:27:29,CRC 0.93,2025-03-13 15:27:29
4198696000019797579,08 Mar 2025,"CRC 40,670.96",2025-03-14 14:40:44,"CRC 40,670.96",2025-03-14 14:40:44
4198696000019850035,13 Mar 2025,"CRC 12,204.00",2025-03-14 16:01:02,"CRC 12,204.00",2025-03-14 16:01:02
4198696000019797593,10 Mar 2025,"CRC 24,408.00",2025-03-14 14:40:59,"CRC 24,408.00",2025-03-14 14:40:59
4198696000019797621,13 Mar 2025,"CRC 46,989.92",2025-03-14 14:41:49,"CRC 46,989.92",2025-03-14 14:41:49
4198696000019850077,12 Mar 2025,"CRC 33,027.92",2025-03-14 16:01:40,"CRC 33,027.92",2025-03-14 16:01:40
4198696000019850049,13 Mar 2025,"CRC 212,259.20",2025-03-14 16:01:16,"CRC 212,259.20",2025-03-14 16:01:16
4198696000019794348,10 Mar 2025,"CRC 6,963.63",2025-03-14 10:42:36,"CRC 6,963.63",2025-03-14 10:42:36
4198696000019794316,03 Mar 2025,"CRC 11,752.00",2025-03-14 10:14:16,"CRC 11,752.00",2025-03-14 10:14:16
4198696000019794060,07 Mar 2025,"CRC 7,015.63",2025-03-14 09:50:32,"CRC 7,015.63",2025-03-14 09:50:32
4198696000019794074,11 Mar 2025,"CRC 16,588.09",2025-03-14 09:50:56,"CRC 16,588.09",2025-03-14 09:50:56
4198696000019794362,10 Mar 2025,"CRC 4,562.38",2025-03-14 10:44:43,"CRC 4,562.38",2025-03-14 10:44:43
4198696000019794376,11 Mar 2025,"CRC 5,666.95",2025-03-14 10:45:05,"CRC 5,666.95",2025-03-14 10:45:05
4198696000019794334,12 Mar 2025,"CRC 270,345.71",2025-03-14 10:39:09,"CRC 270,345.71",2025-03-14 10:39:09
4198696000019794400,11 Mar 2025,"CRC 83,827.87",2025-03-14 11:24:10,"CRC 83,827.87",2025-03-14 11:24:10
4198696000019794414,11 Mar 2025,"CRC 76,039.26",2025-03-14 11:24:47,"CRC 76,039.26",2025-03-14 11:24:47
4198696000019794464,10 Mar 2025,"CRC 31,409.95",2025-03-14 11:41:45,"CRC 31,409.95",2025-03-14 11:41:45
4198696000019794462,07 Mar 2025,"CRC 47,667.28",2025-03-14 11:41:45,"CRC 47,667.28",2025-03-14 11:41:45
4198696000019794428,10 Mar 2025,"CRC 68,242.86",2025-03-14 11:25:20,"CRC 68,242.86",2025-03-14 11:25:20
4198696000019794442,13 Mar 2025,"CRC 633,777.12",2025-03-14 11:26:02,"CRC 633,777.12",2025-03-14 11:26:02
4198696000019889483,24 Feb 2025,"CRC 9,297.64",2025-03-18 17:36:37,"CRC 9,297.64",2025-03-18 17:36:37
4198696000019889441,14 Mar 2025,"CRC 39,550.00",2025-03-18 17:31:15,"CRC 39,550.00",2025-03-18 17:31:15
4198696000019889455,17 Mar 2025,"CRC 82,448.73",2025-03-18 17:35:16,"CRC 82,448.73",2025-03-18 17:35:16
4198696000019987042,14 Mar 2025,"CRC 2,639.62",2025-03-19 09:15:25,"CRC 2,639.62",2025-03-19 09:15:25
4198696000019987064,14 Mar 2025,"CRC 24,331.72",2025-03-19 09:15:54,"CRC 24,331.72",2025-03-19 09:15:54
4198696000020083781,12 Mar 2025,"CRC 15,363.48",2025-03-20 14:34:41,"CRC 15,363.48",2025-03-20 14:34:41
4198696000020083803,19 Mar 2025,"CRC 87,688.00",2025-03-20 14:35:18,"CRC 87,688.00",2025-03-20 14:35:18
4198696000020083825,19 Mar 2025,"CRC 35,256.00",2025-03-20 14:35:46,"CRC 35,256.00",2025-03-20 14:35:46
4198696000020382781,21 Mar 2025,"CRC 10,396.00",2025-03-27 19:21:06,"CRC 10,396.00",2025-03-27 19:21:06
4198696000020382803,27 Mar 2025,"CRC 33,239.15",2025-03-27 19:30:57,"CRC 33,239.15",2025-03-27 19:30:57
4198696000020382847,26 Mar 2025,"CRC 7,051.20",2025-03-27 19:31:52,"CRC 7,051.20",2025-03-27 19:31:52
4198696000020382759,26 Mar 2025,"CRC 3,528.88",2025-03-27 18:37:21,"CRC 3,528.88",2025-03-27 18:37:21
4198696000020564258,31 Mar 2025,"CRC 19,756.24",2025-04-01 11:00:58,"CRC 19,756.24",2025-04-01 11:00:58
4198696000020564236,31 Mar 2025,"CRC 20,136.60",2025-04-01 11:00:29,"CRC 20,136.60",2025-04-01 11:00:29
4198696000020618046,27 Mar 2025,"CRC 19,017.90",2025-03-31 13:11:31,"CRC 19,017.90",2025-03-31 13:11:31
4198696000020618303,26 Mar 2025,"CRC 45,459.90",2025-03-31 13:17:27,"CRC 45,459.90",2025-03-31 13:17:27
4198696000020614391,28 Mar 2025,"CRC 6,718.70",2025-03-31 12:59:19,"CRC 6,718.70",2025-03-31 12:59:19
4198696000020614435,28 Mar 2025,"CRC 69,598.96",2025-03-31 13:00:07,"CRC 69,598.96",2025-03-31 13:00:07
4198696000020614312,26 Mar 2025,"CRC 56,857.08",2025-03-31 12:37:53,"CRC 56,857.08",2025-03-31 12:37:53
4198696000020614413,28 Mar 2025,"CRC 19,095.87",2025-03-31 12:59:48,"CRC 19,095.87",2025-03-31 12:59:48
4198696000020836049,15 Mar 2025,"CRC 5,650.00",2025-04-03 12:34:20,"CRC 5,650.00",2025-04-03 12:34:20
4198696000020836071,02 Apr 2025,"CRC 7,320.38",2025-04-03 12:49:26,"CRC 7,320.38",2025-04-03 12:49:26
4198696000021138565,05 Apr 2025,"CRC 47,951.20",2025-04-08 14:35:47,"CRC 47,951.20",2025-04-08 14:35:47
4198696000021138521,04 Apr 2025,"CRC 10,170.00",2025-04-08 14:34:22,"CRC 10,170.00",2025-04-08 14:34:22
4198696000021138543,04 Apr 2025,"CRC 35,030.00",2025-04-08 14:35:05,"CRC 35,030.00",2025-04-08 14:35:05
4198696000021090113,14 Mar 2025,"CRC 22,600.00",2025-04-08 17:34:27,"CRC 22,600.00",2025-04-08 17:34:27
4198696000021292214,12 Mar 2025,"CRC 17,068.65",2025-04-10 23:12:39,"CRC 17,068.65",2025-04-10 23:12:39
4198696000021292144,08 Apr 2025,"CRC 13,673.00",2025-04-10 22:52:41,"CRC 13,673.00",2025-04-10 22:52:41
4198696000021292158,08 Apr 2025,"CRC 7,711.07",2025-04-10 22:53:45,"CRC 7,711.07",2025-04-10 22:53:45
4198696000021292172,04 Apr 2025,"CRC 53,110.00",2025-04-10 23:02:35,"CRC 53,110.00",2025-04-10 23:02:35
4198696000021242125,01 Apr 2025,"CRC 14,596.77",2025-04-10 10:44:35,"CRC 14,596.77",2025-04-10 10:44:35
4198696000021271085,01 Apr 2025,"CRC 9,508.95",2025-04-11 10:04:36,"CRC 9,508.95",2025-04-11 10:04:36
4198696000022098183,09 Apr 2025,"CRC 231,666.18",2025-04-25 10:53:59,"CRC 231,666.18",2025-04-25 10:53:59
4198696000022098221,16 Apr 2025,"CRC 4,262.93",2025-04-25 11:36:09,"CRC 4,262.93",2025-04-25 11:36:09
4198696000022098537,22 Apr 2025,"CRC 72,166.79",2025-04-25 13:00:36,"CRC 72,166.79",2025-04-25 13:00:36
4198696000022098277,07 Apr 2025,"CRC 8,159.45",2025-04-25 12:34:12,"CRC 8,159.45",2025-04-25 12:34:12
4198696000022189984,24 Apr 2025,"CRC 122,571.29",2025-04-25 13:58:30,"CRC 122,571.29",2025-04-25 13:58:30
4198696000022189986,24 Apr 2025,"CRC 2,313,675.00",2025-04-25 13:58:30,"CRC 2,313,675.00",2025-04-25 13:58:30
4198696000022098565,22 Apr 2025,"CRC 82,787.66",2025-04-25 13:01:21,"CRC 82,787.66",2025-04-25 13:01:21
4198696000022098551,22 Apr 2025,"CRC 71,724.09",2025-04-25 13:01:08,"CRC 71,724.09",2025-04-25 13:01:08
4198696000022880059,11 Mar 2025,"CRC 31,640.00",2025-05-08 10:30:26,"CRC 31,640.00",2025-05-08 10:30:26
4198696000022880061,12 Mar 2025,"CRC 2,260.00",2025-05-08 10:30:26,"CRC 2,260.00",2025-05-08 10:30:26
4198696000022880063,13 Mar 2025,"CRC 39,550.00",2025-05-08 10:30:26,"CRC 39,550.00",2025-05-08 10:30:26
4198696000022880103,14 Apr 2025,"CRC 24,860.00",2025-05-08 10:30:56,"CRC 24,860.00",2025-05-08 10:30:56
4198696000022938169,28 Apr 2025,"CRC 10,678.50",2025-05-09 13:50:03,"CRC 10,678.50",2025-05-09 13:50:03
4198696000022935987,25 Apr 2025,"CRC 7,636.34",2025-05-09 13:14:06,"CRC 7,636.34",2025-05-09 13:14:06
4198696000022938113,29 Apr 2025,"CRC 29,727.48",2025-05-09 13:30:50,"CRC 29,727.48",2025-05-09 13:30:50
4198696000022938047,02 May 2025,"CRC 66,715.20",2025-05-09 13:24:34,"CRC 66,715.20",2025-05-09 13:24:34
4198696000022938069,01 May 2025,"CRC 14,644.80",2025-05-09 13:25:12,"CRC 14,644.80",2025-05-09 13:25:12
4198696000022938147,28 Apr 2025,"CRC 4,416.04",2025-05-09 13:49:40,"CRC 4,416.04",2025-05-09 13:49:40
4198696000022938191,30 Apr 2025,"CRC 9,918.82",2025-05-09 13:50:21,"CRC 9,918.82",2025-05-09 13:50:21
4198696000022938091,02 May 2025,"CRC 15,096.80",2025-05-09 13:26:50,"CRC 15,096.80",2025-05-09 13:26:50
4198696000022935943,02 May 2025,"CRC 17,077.13",2025-05-09 13:10:46,"CRC 17,077.13",2025-05-09 13:10:46
4198696000022935965,03 May 2025,"CRC 11,526.00",2025-05-09 13:11:57,"CRC 11,526.00",2025-05-09 13:11:57
4198696000022935669,05 May 2025,"CRC 7,623.26",2025-05-09 12:57:10,"CRC 7,623.26",2025-05-09 12:57:10
4198696000022935691,08 May 2025,"CRC 37,976.48",2025-05-09 12:57:38,"CRC 37,976.48",2025-05-09 12:57:38
4198696000023803778,14 May 2025,"CRC 1,279.50",2025-05-29 14:50:12,"CRC 1,279.50",2025-05-29 14:50:12
4198696000023803816,23 May 2025,"CRC 3,573.70",2025-05-29 14:50:52,"CRC 3,573.70",2025-05-29 14:50:52
4198696000023803882,15 May 2025,"CRC 1,270.99",2025-05-29 14:51:29,"CRC 1,270.99",2025-05-29 14:51:29
4198696000023803818,23 May 2025,"CRC 13,319.40",2025-05-29 14:50:52,"CRC 13,319.40",2025-05-29 14:50:52
4198696000023803820,23 May 2025,"CRC 113,096.42",2025-05-29 14:50:52,"CRC 113,096.42",2025-05-29 14:50:52
4198696000023803822,23 May 2025,"CRC 17,100.96",2025-05-29 14:50:52,"CRC 17,100.96",2025-05-29 14:50:52
4198696000023803824,26 May 2025,"CRC 10,191.78",2025-05-29 14:50:52,"CRC 10,191.78",2025-05-29 14:50:52
4198696000023869365,07 May 2025,"CRC 48,589.97",2025-05-30 10:42:50,"CRC 48,589.97",2025-05-30 10:42:50
4198696000023869421,09 May 2025,"CRC 9,412.90",2025-05-30 11:29:20,"CRC 9,412.90",2025-05-30 11:29:20
4198696000023913953,26 May 2025,"CRC 18,517.88",2025-05-30 13:03:19,"CRC 18,517.88",2025-05-30 13:03:19
4198696000023869321,13 May 2025,"CRC 23,065.56",2025-05-30 10:42:00,"CRC 23,065.56",2025-05-30 10:42:00
4198696000023869451,10 May 2025,"CRC 16,475.40",2025-05-30 11:46:33,"CRC 16,475.40",2025-05-30 11:46:33
4198696000023869211,19 May 2025,"CRC 45,742.40",2025-05-30 10:38:21,"CRC 45,742.40",2025-05-30 10:38:21
4198696000023869299,16 May 2025,"CRC 18,249.50",2025-05-30 10:40:39,"CRC 18,249.50",2025-05-30 10:40:39
4198696000023869233,17 May 2025,"CRC 5,507.18",2025-05-30 10:38:40,"CRC 5,507.18",2025-05-30 10:38:40
4198696000023869101,21 May 2025,"CRC 20,773.92",2025-05-30 10:33:11,"CRC 20,773.92",2025-05-30 10:33:11
4198696000023869343,16 May 2025,"CRC 12,339.60",2025-05-30 10:42:13,"CRC 12,339.60",2025-05-30 10:42:13
4198696000023869079,26 May 2025,"CRC 11,916.42",2025-05-30 10:32:34,"CRC 11,916.42",2025-05-30 10:32:34
4198696000023869277,16 May 2025,"CRC 10,149.66",2025-05-30 10:39:42,"CRC 10,149.66",2025-05-30 10:39:42
4198696000023869255,16 May 2025,"CRC 7,979.21",2025-05-30 10:39:20,"CRC 7,979.21",2025-05-30 10:39:20
4198696000023869123,24 May 2025,"CRC 39,512.48",2025-05-30 10:33:30,"CRC 39,512.48",2025-05-30 10:33:30
4198696000023869145,26 May 2025,"CRC 5,753.40",2025-05-30 10:36:27,"CRC 5,753.40",2025-05-30 10:36:27
4198696000023869189,20 May 2025,"CRC 45,200.00",2025-05-30 10:38:01,"CRC 45,200.00",2025-05-30 10:38:01
4198696000023869167,27 May 2025,"CRC 24,184.26",2025-05-30 10:37:11,"CRC 24,184.26",2025-05-30 10:37:11
4198696000023913975,26 May 2025,"CRC 9,826.76",2025-05-30 13:03:31,"CRC 9,826.76",2025-05-30 13:03:31
4198696000024128173,12 Mar 2025,"CRC 16,385.00",2025-06-04 11:34:49,"CRC 16,385.00",2025-06-04 11:34:49
4198696000024128217,04 Apr 2025,"CRC 11,074.00",2025-06-04 11:35:23,"CRC 11,074.00",2025-06-04 11:35:23
4198696000024128195,04 Apr 2025,"CRC 6,215.00",2025-06-04 11:35:02,"CRC 6,215.00",2025-06-04 11:35:02
4198696000024128265,30 May 2025,"CRC 10,238.93",2025-06-04 11:55:03,"CRC 10,238.93",2025-06-04 11:55:03
4198696000024128151,29 May 2025,"CRC 33,900.00",2025-06-04 11:30:49,"CRC 33,900.00",2025-06-04 11:30:49
4198696000024128287,04 Jun 2025,"CRC 9,197.49",2025-06-04 11:56:30,"CRC 9,197.49",2025-06-04 11:56:30
4198696000024163103,09 May 2025,"CRC 8,652.64",2025-06-04 13:37:28,"CRC 8,652.64",2025-06-04 13:37:28
4198696000024581147,02 Jun 2025,"CRC 4,748.71",2025-06-12 14:43:23,"CRC 4,748.71",2025-06-12 14:43:23
4198696000024581125,06 Jun 2025,"CRC 7,059.20",2025-06-12 14:36:45,"CRC 7,059.20",2025-06-12 14:36:45
4198696000024653199,10 Jun 2025,"CRC 33,176.80",2025-06-13 16:48:42,"CRC 33,176.80",2025-06-13 16:48:42
4198696000025046818,20 Jun 2025,"CRC 11,521.20",2025-06-20 16:14:37,"CRC 11,521.20",2025-06-20 16:14:37
4198696000025447091,24 Jun 2025,"CRC 13,051.26",2025-06-27 13:59:10,"CRC 13,051.26",2025-06-27 13:59:10
4198696000025447093,24 Jun 2025,CRC 0.01,2025-06-27 13:59:10,CRC 0.01,2025-06-27 13:59:10
4198696000025447075,19 Jun 2025,"CRC 45,674.60",2025-06-27 13:58:05,"CRC 45,674.60",2025-06-27 13:58:05
4198696000025518051,09 Jun 2025,"CRC 40,215.84",2025-06-27 16:33:25,"CRC 40,215.84",2025-06-27 16:33:25
4198696000025518065,09 Jun 2025,"CRC 1,906.29",2025-06-27 16:34:00,"CRC 1,906.29",2025-06-27 16:34:00
4198696000025778583,14 Jun 2025,"CRC 21,677.92",2025-07-01 12:25:02,"CRC 21,677.92",2025-07-01 12:25:02
4198696000025778569,18 Jun 2025,"CRC 7,881.98",2025-07-01 12:24:46,"CRC 7,881.98",2025-07-01 12:24:46
4198696000025906011,06 Jun 2025,"CRC 33,615.51",2025-07-04 09:37:10,"CRC 33,615.51",2025-07-04 09:37:10
4198696000025906039,26 Jun 2025,"CRC 7,051.20",2025-07-04 09:38:01,"CRC 7,051.20",2025-07-04 09:38:01
4198696000025906131,12 Jun 2025,"CRC 15,371.55",2025-07-04 09:41:22,"CRC 15,371.55",2025-07-04 09:41:22
4198696000025906137,23 Jun 2025,"CRC 16,147.92",2025-07-04 09:41:22,"CRC 16,147.92",2025-07-04 09:41:22
4198696000025906095,01 Jul 2025,"CRC 6,718.70",2025-07-04 09:39:45,"CRC 6,718.70",2025-07-04 09:39:45
4198696000025906133,13 Jun 2025,"CRC 75,261.80",2025-07-04 09:41:22,"CRC 75,261.80",2025-07-04 09:41:22
4198696000025906025,27 Jun 2025,"CRC 79,100.00",2025-07-04 09:37:49,"CRC 79,100.00",2025-07-04 09:37:49
4198696000025906081,30 Jun 2025,"CRC 4,339.20",2025-07-04 09:39:23,"CRC 4,339.20",2025-07-04 09:39:23
4198696000025906135,17 Jun 2025,"CRC 17,648.00",2025-07-04 09:41:22,"CRC 17,648.00",2025-07-04 09:41:22
4198696000025906067,27 Jun 2025,"CRC 33,843.50",2025-07-04 09:39:07,"CRC 33,843.50",2025-07-04 09:39:07
4198696000025906139,03 Jul 2025,"CRC 38,483.39",2025-07-04 09:41:22,"CRC 38,483.39",2025-07-04 09:41:22
4198696000026096089,20 Jun 2025,"CRC 16,452.80",2025-07-08 12:39:23,"CRC 16,452.80",2025-07-08 12:39:23
4198696000026096091,23 Jun 2025,"CRC 19,888.00",2025-07-08 12:39:23,"CRC 19,888.00",2025-07-08 12:39:23
4198696000026442505,13 Jun 2025,"CRC 30,722.71",2025-07-11 11:34:25,"CRC 30,722.71",2025-07-11 11:34:25
4198696000026442509,30 Jun 2025,CRC 0.01,2025-07-11 11:34:25,CRC 0.01,2025-07-11 11:34:25
4198696000026442603,20 Jun 2025,"CRC 51,816.38",2025-07-11 12:53:17,"CRC 51,816.38",2025-07-11 12:53:17
4198696000026442453,09 Jul 2025,"CRC 4,818.41",2025-07-11 11:33:01,"CRC 4,818.41",2025-07-11 11:33:01
4198696000026442507,24 Jun 2025,CRC 0.01,2025-07-11 11:34:25,CRC 0.01,2025-07-11 11:34:25
4198696000026442431,09 Jul 2025,"CRC 39,052.80",2025-07-11 11:32:34,"CRC 39,052.80",2025-07-11 11:32:34
4198696000026442475,27 Jun 2025,"CRC 34,113.16",2025-07-11 11:33:37,"CRC 34,113.16",2025-07-11 11:33:37
4198696000026442409,10 Jul 2025,"CRC 5,203.65",2025-07-11 11:30:11,"CRC 5,203.65",2025-07-11 11:30:11
4198696000026963085,14 Jul 2025,"CRC 23,047.20",2025-07-22 13:07:19,"CRC 23,047.20",2025-07-22 13:07:19
4198696000026963063,14 Jul 2025,"CRC 31,640.00",2025-07-22 13:07:04,"CRC 31,640.00",2025-07-22 13:07:04
4198696000026953909,21 Jul 2025,"CRC 14,663.16",2025-07-22 13:03:39,"CRC 14,663.16",2025-07-22 13:03:39
4198696000026953997,18 Jul 2025,"CRC 16,945.27",2025-07-22 13:04:43,"CRC 16,945.27",2025-07-22 13:04:43
4198696000026953975,18 Jul 2025,"CRC 28,805.40",2025-07-22 13:04:19,"CRC 28,805.40",2025-07-22 13:04:19
4198696000026953953,21 Jul 2025,"CRC 13,447.00",2025-07-22 13:03:59,"CRC 13,447.00",2025-07-22 13:03:59
4198696000026953931,23 Jul 2025,"CRC 32,544.00",2025-07-22 13:03:47,"CRC 32,544.00",2025-07-23 16:21:20
4198696000027642140,17 Jul 2025,"CRC 3,553.85",2025-08-01 13:11:03,"CRC 3,553.85",2025-08-01 13:11:03
4198696000027642220,29 Jul 2025,"CRC 6,723.50",2025-08-01 13:12:36,"CRC 6,723.50",2025-08-01 13:12:36
4198696000027642200,30 Jul 2025,"CRC 8,927.00",2025-08-01 13:11:57,"CRC 8,927.00",2025-08-01 13:11:57
4198696000027642120,14 Jul 2025,"CRC 2,833.48",2025-08-01 13:10:28,"CRC 2,833.48",2025-08-01 13:10:28
4198696000027642160,22 Jul 2025,"CRC 15,466.88",2025-08-01 13:11:23,"CRC 15,466.88",2025-08-01 13:11:23
4198696000027642100,07 Jul 2025,"CRC 52,827.50",2025-08-01 13:09:51,"CRC 52,827.50",2025-08-01 13:09:51
4198696000027642180,24 Jul 2025,"CRC 60,511.50",2025-08-01 13:11:40,"CRC 60,511.50",2025-08-01 13:11:40
4198696000028339431,08 Aug 2025,"CRC 5,570.90",2025-08-15 14:11:18,"CRC 5,570.90",2025-08-15 14:11:18
4198696000028339391,06 Aug 2025,"CRC 17,284.20",2025-08-15 14:10:04,"CRC 17,284.20",2025-08-15 14:10:04
4198696000028339271,05 Aug 2025,"CRC 88,818.00",2025-08-15 14:07:21,"CRC 88,818.00",2025-08-15 14:07:21
4198696000028339311,14 Aug 2025,"CRC 27,662.40",2025-08-15 14:07:56,"CRC 27,662.40",2025-08-15 14:07:56
4198696000028339291,11 Aug 2025,"CRC 57,601.18",2025-08-15 14:07:40,"CRC 57,601.18",2025-08-15 14:07:40
4198696000028339201,08 Aug 2025,"CRC 34,687.97",2025-08-15 14:02:42,"CRC 34,687.97",2025-08-15 14:02:42
4198696000028339371,06 Aug 2025,"CRC 16,538.30",2025-08-15 14:09:43,"CRC 16,538.30",2025-08-15 14:09:43
4198696000028339351,04 Aug 2025,"CRC 44,867.33",2025-08-15 14:08:45,"CRC 44,867.33",2025-08-15 14:08:45
4198696000028339411,07 Aug 2025,"CRC 16,727.96",2025-08-15 14:11:00,"CRC 16,727.96",2025-08-15 14:11:00
4198696000028339203,08 Aug 2025,"CRC 24,700.49",2025-08-15 14:02:42,"CRC 24,700.49",2025-08-15 14:02:42
4198696000028339231,05 Aug 2025,"CRC 9,648.62",2025-08-15 14:06:21,"CRC 9,648.62",2025-08-15 14:06:21
4198696000028339251,05 Aug 2025,"CRC 11,070.46",2025-08-15 14:06:56,"CRC 11,070.46",2025-08-15 14:06:56
4198696000028339809,21 Jul 2025,"CRC 14,012.00",2025-08-15 14:25:09,"CRC 14,012.00",2025-08-15 14:25:09
4198696000028528016,06 Aug 2025,"CRC 6,918.19",2025-08-19 14:48:20,"CRC 6,918.19",2025-08-19 14:48:20
4198696000028528096,07 Aug 2025,"CRC 15,000.00",2025-08-19 14:51:31,"CRC 15,000.00",2025-08-19 14:51:31
4198696000028528036,11 Aug 2025,"CRC 18,615.17",2025-08-19 14:49:15,"CRC 18,615.17",2025-08-19 14:49:15
4198696000028528056,11 Aug 2025,"CRC 349,903.24",2025-08-19 14:50:04,"CRC 349,903.24",2025-08-19 14:50:04
4198696000028528076,06 Aug 2025,"CRC 35,083.80",2025-08-19 14:50:46,"CRC 35,083.80",2025-08-19 14:50:46
4198696000029141232,22 Aug 2025,"CRC 6,000.30",2025-08-29 14:06:17,"CRC 6,000.30",2025-08-29 14:06:17
4198696000029141120,25 Aug 2025,"CRC 4,294.00",2025-08-29 13:43:52,"CRC 4,294.00",2025-08-29 13:43:52
4198696000029141252,21 Aug 2025,"CRC 47,595.60",2025-08-29 14:09:10,"CRC 47,595.60",2025-08-29 14:09:10
4198696000029141296,19 Aug 2025,"CRC 3,616.00",2025-08-29 14:15:40,"CRC 3,616.00",2025-08-29 14:15:40
4198696000029141140,19 Aug 2025,"CRC 5,474.85",2025-08-29 13:48:49,"CRC 5,474.85",2025-08-29 13:48:49
4198696000029141180,22 Aug 2025,"CRC 6,051.15",2025-08-29 14:03:04,"CRC 6,051.15",2025-08-29 14:03:04
4198696000029141272,21 Aug 2025,"CRC 19,017.90",2025-08-29 14:09:22,"CRC 19,017.90",2025-08-29 14:09:22
4198696000029141039,21 Aug 2025,"CRC 5,817.24",2025-08-29 12:56:50,"CRC 5,817.24",2025-08-29 12:56:50
4198696000029141340,11 Aug 2025,"CRC 33,050.38",2025-08-29 14:36:42,"CRC 33,050.38",2025-08-29 14:36:42
4198696000029141360,27 Aug 2025,"CRC 12,689.87",2025-08-29 14:37:08,"CRC 12,689.87",2025-08-29 14:37:08
4198696000029141320,20 Aug 2025,"CRC 23,660.75",2025-08-29 14:35:59,"CRC 23,660.75",2025-08-29 14:35:59
4198696000029334103,27 Aug 2025,"CRC 15,948.90",2025-09-02 13:41:50,"CRC 15,948.90",2025-09-02 13:41:50
4198696000029334043,06 Aug 2025,"CRC 11,373.12",2025-09-02 13:40:00,"CRC 11,373.12",2025-09-02 13:40:00
4198696000029334083,27 Aug 2025,"CRC 42,812.42",2025-09-02 13:41:29,"CRC 42,812.42",2025-09-02 13:41:29
4198696000029334063,27 Aug 2025,"CRC 6,144.90",2025-09-02 13:41:09,"CRC 6,144.90",2025-09-02 13:41:09
4198696000029977142,28 Aug 2025,"CRC 7,251.78",2025-09-10 23:11:33,"CRC 7,251.78",2025-09-10 23:11:33
4198696000029977098,27 Aug 2025,"CRC 5,424.00",2025-09-10 23:06:10,"CRC 5,424.00",2025-09-10 23:06:10
4198696000029977120,20 Aug 2025,"CRC 39,776.00",2025-09-10 23:07:01,"CRC 39,776.00",2025-09-10 23:07:01
4198696000029977055,26 Aug 2025,"CRC 4,341.31",2025-09-10 22:49:43,"CRC 4,341.31",2025-09-10 22:49:43
4198696000030144112,04 Sep 2025,"CRC 124,300.00",2025-09-12 18:03:50,"CRC 124,300.00",2025-09-12 18:03:50
4198696000031131343,10 Sep 2025,"CRC 20,602.73",2025-09-25 22:51:02,"CRC 20,602.73",2025-09-25 22:51:02
4198696000031131277,11 Sep 2025,"CRC 12,353.60",2025-09-25 22:21:54,"CRC 12,353.60",2025-09-25 22:21:54
4198696000031131321,04 Sep 2025,"CRC 1,084.80",2025-09-25 22:36:17,"CRC 1,084.80",2025-09-25 22:36:17
4198696000031131299,12 Sep 2025,"CRC 23,916.45",2025-09-25 22:24:08,"CRC 23,916.45",2025-09-25 22:24:08
4198696000031347069,19 Sep 2025,"CRC 21,665.26",2025-09-28 23:10:40,"CRC 21,665.26",2025-09-28 23:10:40
4198696000031347049,16 Sep 2025,"CRC 46,352.83",2025-09-28 23:06:23,"CRC 46,352.83",2025-09-28 23:06:23
4198696000031608842,22 Sep 2025,"CRC 15,000.00",2025-10-03 12:59:03,"CRC 15,000.00",2025-10-03 12:59:03
4198696000031751650,01 Sep 2025,"CRC 33,412.72",2025-10-07 14:20:42,"CRC 33,412.72",2025-10-07 14:20:42
4198696000032164032,07 Oct 2025,"CRC 25,453.25",2025-10-12 16:14:15,"CRC 25,453.25",2025-10-12 16:14:15
4198696000032398017,26 Sep 2025,"CRC 24,747.00",2025-10-16 19:41:16,"CRC 24,747.00",2025-10-16 19:41:16
4198696000032398107,24 Sep 2025,"CRC 39,135.86",2025-10-16 19:52:38,"CRC 39,135.86",2025-10-16 19:52:38
4198696000032398311,02 Oct 2025,"CRC 13,798.23",2025-10-16 20:29:51,"CRC 13,798.23",2025-10-16 20:29:51
4198696000032398159,17 Sep 2025,"CRC 6,819.55",2025-10-16 20:03:46,"CRC 6,819.55",2025-10-16 20:03:46
4198696000032398109,24 Sep 2025,"CRC 13,026.64",2025-10-16 19:52:38,"CRC 13,026.64",2025-10-16 19:52:38
4198696000032398201,08 Oct 2025,"CRC 22,148.00",2025-10-16 20:06:19,"CRC 22,148.00",2025-10-16 20:06:19
4198696000032398373,24 Sep 2025,"CRC 26,596.12",2025-10-16 20:31:42,"CRC 26,596.12",2025-10-16 20:31:42
4198696000032398331,13 Oct 2025,"CRC 13,471.07",2025-10-16 20:30:31,"CRC 13,471.07",2025-10-16 20:30:31
4198696000032398221,06 Oct 2025,"CRC 14,007.48",2025-10-16 20:07:21,"CRC 14,007.48",2025-10-16 20:07:21
4198696000032398061,25 Sep 2025,"CRC 35,149.33",2025-10-16 19:51:04,"CRC 35,149.33",2025-10-16 19:51:04
4198696000032776666,14 Oct 2025,"CRC 26,223.24",2025-10-21 12:40:15,"CRC 26,223.24",2025-10-21 12:40:15
4198696000032776413,14 Oct 2025,"CRC 89,496.00",2025-10-21 11:43:02,"CRC 89,496.00",2025-10-21 11:43:02
4198696000032776686,14 Oct 2025,CRC 0.10,2025-10-21 12:40:26,CRC 0.10,2025-10-21 12:40:26
4198696000033053445,02 Oct 2025,"CRC 20,340.00",2025-10-24 10:13:22,"CRC 20,340.00",2025-10-24 10:13:22
4198696000033200142,02 Oct 2025,"CRC 126,310.48",2025-10-27 17:38:44,CRC 250.60,2025-10-27 17:38:44
4198696000033248569,07 Oct 2025,"CRC 15,930.74",2025-10-28 08:32:52,"CRC 15,930.74",2025-10-28 08:32:52
4198696000033336466,31 Oct 2025,"CRC 14,889.24",2025-10-31 12:36:43,"CRC 14,889.24",2025-10-31 12:36:43
4198696000033579923,09 Oct 2025,"CRC 16,724.00",2025-11-05 08:07:42,"CRC 16,724.00",2025-11-05 08:07:42
4198696000033579589,31 Oct 2025,"CRC 92,208.00",2025-11-05 07:34:51,"CRC 92,208.00",2025-11-05 07:34:51
4198696000033579903,01 Oct 2025,"CRC 26,413.75",2025-11-05 08:07:03,"CRC 26,413.75",2025-11-05 08:07:03
4198696000033580901,04 Nov 2025,"CRC 18,860.10",2025-11-05 08:20:31,"CRC 18,860.10",2025-11-05 08:20:31
4198696000033579609,03 Nov 2025,"CRC 54,240.00",2025-11-05 07:37:09,"CRC 54,240.00",2025-11-05 07:37:09
